v,vw,o,c,h,l,t,n
2524,164.1555,164.49,164,164.49,164,1681113600000,80
562,163.9875,164,164,164,164,1681113660000,30
472,163.9585,163.96,163.96,163.96,163.96,1681113900000,7
965,163.9596,163.9,163.96,163.96,163.9,1681113960000,14
3469,164.034,164,164.3,164.3,164,1681114140000,49
1127,164.0291,164.05,164,164.05,164,1681114200000,22
1395,163.9954,164,163.99,164,163.99,1681114320000,19
918,163.9996,164,164,164,164,1681114380000,13
411,163.9977,164,164,164,164,1681114440000,12
725,163.9453,163.94,163.96,163.96,163.94,1681114560000,38
626,163.9211,163.93,163.92,163.93,163.92,1681114620000,19
672,163.8817,163.92,163.92,163.92,163.92,1681114920000,15
311,163.5973,163.59,163.59,163.59,163.59,1681115220000,13
319,163.6139,163.62,163.61,163.62,163.61,1681115280000,13
633,163.6119,163.61,163.61,163.61,163.61,1681115340000,15
508,163.607,163.61,163.61,163.61,163.61,1681115400000,9
375,163.5755,163.57,163.57,163.57,163.57,1681115460000,17
958,163.6506,163.65,163.65,163.65,163.65,1681115880000,14
101,163.7502,163.75,163.75,163.75,163.75,1681116060000,2
205,163.7698,163.75,163.75,163.75,163.75,1681116120000,7
1246,163.7988,163.8,163.8,163.8,163.8,1681116240000,15
202,163.75,163.75,163.75,163.75,163.75,1681116360000,4
303,163.617,163.62,163.62,163.62,163.62,1681116480000,6
486,163.6065,163.63,163.56,163.63,163.56,1681116660000,14
1339,163.7317,163.76,163.7,163.76,163.66,1681116720000,14
550,163.749,163.75,163.75,163.75,163.75,1681116900000,7
1550,163.6884,163.77,163.57,163.77,163.57,1681117260000,30
1663,163.7491,163.72,163.72,163.72,163.72,1681117800000,27
319,163.7881,163.8,163.8,163.8,163.8,1681118100000,8
325,163.803,163.8,163.8,163.8,163.8,1681118280000,9
533,163.7025,163.7,163.68,163.7,163.68,1681118940000,16
4848,163.7794,163.76,163.78,163.78,163.76,1681119360000,24
4805,163.9482,163.88,163.97,163.97,163.86,1681119600000,43
209,163.95,163.95,163.95,163.95,163.95,1681119900000,2
323,163.8501,163.85,163.85,163.85,163.85,1681120080000,5
1279,163.8054,163.8,163.8,163.8,163.8,1681120380000,33
186,163.7994,163.8,163.8,163.8,163.8,1681120800000,6
392,163.6982,163.7,163.7,163.7,163.7,1681120920000,18
1037,163.725,163.69,163.75,163.75,163.69,1681121040000,23
566,163.6905,163.71,163.69,163.71,163.69,1681121100000,18
152,163.7,163.7,163.7,163.7,163.7,1681121220000,5
1663,163.6906,163.68,163.69,163.7,163.68,1681121520000,13
219,163.7561,163.74,163.78,163.78,163.74,1681121640000,8
1345,163.8806,163.78,163.98,163.98,163.78,1681121700000,37
1173,163.9276,163.98,163.9,163.98,163.9,1681121760000,23
440,163.8955,163.9,163.89,163.9,163.89,1681121940000,6
794,163.785,163.78,163.78,163.78,163.78,1681122120000,25
807,163.8216,163.85,163.85,163.85,163.85,1681122840000,29
206,163.7823,163.8,163.8,163.8,163.8,1681122900000,8
5041,163.5867,163.66,163.23,163.66,163.23,1681123620000,147
5602,163.6587,163.63,163.48,163.68,163.48,1681123800000,46
233,163.6194,163.58,163.58,163.58,163.58,1681124040000,9
4112,163.3226,163.46,163.26,163.47,163.25,1681124100000,84
673,163.3733,163.4,163.4,163.4,163.4,1681124220000,13
1684,163.3363,163.4,163.32,163.4,163.32,1681124280000,20
3605,163.5909,163.6,163.59,163.64,163.59,1681124400000,124
2835,163.512,163.52,163.5,163.53,163.49,1681124460000,63
2447,163.5607,163.51,163.6,163.6,163.51,1681124520000,54
2044,163.5232,163.55,163.44,163.55,163.44,1681124580000,44
326,163.4524,163.45,163.45,163.45,163.45,1681124700000,16
3236,163.4853,163.5,163.47,163.5,163.47,1681124760000,49
685,163.5088,163.5,163.5,163.5,163.5,1681124880000,20
1245,163.5112,163.5,163.5,163.5,163.5,1681125000000,44
735,163.5499,163.55,163.55,163.55,163.55,1681125120000,23
2735,163.5254,163.53,163.51,163.53,163.51,1681125300000,44
1242,163.4602,163.5,163.43,163.5,163.42,1681125360000,43
1068,163.4748,163.5,163.44,163.5,163.44,1681125420000,31
191,163.449,163.44,163.44,163.44,163.44,1681125480000,9
13697,163.4146,163.45,163.35,163.45,163.35,1681125540000,93
1213,163.3101,163.31,163.31,163.31,163.3,1681125660000,31
621,163.2877,163.31,163.26,163.31,163.26,1681125780000,22
375,163.2904,163.27,163.27,163.27,163.27,1681125840000,12
3947,163.2375,163.31,163.21,163.31,163.21,1681125900000,153
621,163.171,163.19,163.19,163.19,163.19,1681126080000,14
3446,163.1192,163.14,163.17,163.17,163.1,1681126140000,83
7272,163.0164,163.12,162.91,163.12,162.91,1681126200000,233
1573,162.9016,162.9,162.9,162.9,162.9,1681126260000,22
2651,162.8736,162.91,162.85,162.91,162.85,1681126320000,56
8808,162.7161,162.85,162.76,162.85,162.5,1681126380000,162
1686,162.7178,162.75,162.7,162.75,162.7,1681126560000,45
1505,162.7396,162.75,162.75,162.75,162.75,1681126740000,29
1405,162.808,162.8,162.8,162.8,162.8,1681126860000,16
316,162.8842,162.87,162.87,162.87,162.87,1681126920000,9
2667,162.8146,162.85,162.8,162.85,162.8,1681126980000,47
509,162.8052,162.79,162.79,162.79,162.79,1681127040000,16
1994,162.7617,162.76,162.75,162.76,162.75,1681127100000,46
6211,162.701,162.72,162.65,162.72,162.65,1681127160000,102
1680,162.6407,162.69,162.6,162.69,162.6,1681127280000,40
1941,162.5678,162.56,162.56,162.6,162.56,1681127340000,45
373,162.6701,162.68,162.68,162.68,162.68,1681127400000,12
1164,162.7361,162.75,162.75,162.75,162.75,1681127460000,32
210,162.6972,162.69,162.69,162.69,162.69,1681127520000,12
624,162.6784,162.68,162.68,162.68,162.68,1681127580000,12
10944,162.7461,162.69,162.8,162.8,162.69,1681127640000,67
2089,162.761,162.77,162.75,162.77,162.75,1681127700000,21
2979,162.7453,162.73,162.75,162.75,162.73,1681127760000,46
1131,162.7821,162.8,162.76,162.8,162.76,1681127820000,44
1440,162.7655,162.79,162.75,162.8,162.75,1681127940000,32
37268,163.0169,163.35,162.87,163.61,162.55,1681128000000,447
24208,162.9696,162.86,162.8,163.75,162.8,1681128060000,938
1197,163.2895,162.77,162.77,162.77,162.77,1681128120000,213
2584,162.7899,162.77,162.75,162.8,162.75,1681128180000,61
1322,162.7741,162.8,162.75,162.8,162.75,1681128240000,20
3763,162.7042,162.74,162.7,162.74,162.66,1681128300000,93
6215,162.6802,162.68,162.7299,162.73,162.61,1681128360000,142
4669,162.6646,162.7,162.63,162.71,162.63,1681128420000,108
7346,162.6573,162.57,162.8591,162.8591,162.55,1681128480000,123
2837,162.7863,162.83,162.8,162.83,162.7101,1681128540000,26
2235,162.8085,162.8499,162.77,162.8499,162.77,1681128600000,46
2943,162.7763,162.7812,162.77,162.7865,162.77,1681128660000,54
1810,162.7081,162.71,162.71,162.71,162.71,1681128720000,40
7809,162.6815,162.71,162.65,162.739,162.65,1681128780000,69
4070,162.6071,162.6,162.6383,162.6383,162.58,1681128840000,77
5122,162.5679,162.6,162.62,162.62,162.53,1681128900000,101
1160,162.5747,162.6252,162.6,162.6252,162.56,1681128960000,49
12206,162.5378,162.55,162.55,162.55,162.5,1681129020000,131
9976,162.5425,162.52,162.5,162.6004,162.5,1681129080000,114
8442,162.5653,162.52,162.55,162.6,162.52,1681129140000,95
4105,162.5508,162.5505,162.55,162.56,162.55,1681129200000,48
7177,162.5234,162.5632,162.51,162.5632,162.48,1681129260000,110
1661,162.5212,162.5,162.51,162.52,162.5,1681129320000,44
2157,162.5806,162.59,162.55,162.59,162.55,1681129380000,46
4809,162.5406,162.55,162.5717,162.5838,162.55,1681129440000,104
5607,162.5194,162.5099,162.55,162.55,162.5,1681129500000,51
2430,162.523,162.51,162.51,162.5583,162.51,1681129560000,48
8029,162.5072,162.56,162.5,162.56,162.46,1681129620000,100
10193,162.4171,162.46,162.39,162.4899,162.33,1681129680000,125
7600,162.4028,162.38,162.4,162.4767,162.38,1681129740000,45
4055,162.4579,162.46,162.47,162.48,162.4,1681129800000,103
1526,162.4384,162.46,162.41,162.46,162.41,1681129860000,49
2871,162.4409,162.41,162.48,162.48,162.4,1681129920000,71
3419,162.4533,162.48,162.45,162.48,162.42,1681129980000,28
5647,162.4522,162.45,162.45,162.4799,162.4214,1681130040000,49
3835,162.4352,162.4,162.48,162.48,162.4,1681130100000,68
7365,162.4756,162.45,162.49,162.5,162.45,1681130160000,105
8909,162.5437,162.54,162.54,162.56,162.5199,1681130220000,111
4509,162.5474,162.55,162.54,162.55,162.54,1681130280000,54
3217,162.5426,162.53,162.53,162.5499,162.53,1681130340000,43
5866,162.5487,162.55,162.55,162.55,162.54,1681130400000,66
9516,162.5536,162.55,162.59,162.59,162.55,1681130460000,57
1961,162.5931,162.59,162.59,162.6,162.59,1681130520000,56
2723,162.5901,162.55,162.58,162.6,162.55,1681130580000,62
1326,162.5768,162.59,162.55,162.6,162.55,1681130640000,49
1508,162.5101,162.5013,162.5,162.52,162.5,1681130700000,68
1991,162.5015,162.5,162.55,162.55,162.48,1681130760000,39
818,162.5349,162.55,162.5,162.55,162.5,1681130820000,20
1720,162.5355,162.53,162.55,162.55,162.53,1681130880000,49
1818,162.5098,162.5,162.5,162.51,162.5,1681130940000,51
913,162.4973,162.5,162.5,162.5,162.5,1681131000000,50
979,162.4979,162.52,162.47,162.52,162.47,1681131060000,25
1075,162.5165,162.5,162.53,162.53,162.5,1681131120000,49
3924,162.5962,162.53,162.64,162.64,162.53,1681131180000,106
5171,162.6046,162.62,162.6,162.62,162.6,1681131240000,52
1047,162.5738,162.5128,162.62,162.62,162.5128,1681131300000,40
5041,162.5653,162.63,162.5,162.63,162.5,1681131360000,104
2998,162.5,162.6066,162.47,162.6066,162.47,1681131420000,74
1306,162.4641,162.45,162.47,162.47,162.45,1681131480000,52
6966,162.5424,162.5,162.55,162.57,162.5,1681131540000,85
2783,162.5181,162.55,162.5,162.57,162.45,1681131600000,60
1313,162.4977,162.48,162.5,162.5,162.48,1681131660000,37
1906,162.5301,162.5,162.5499,162.5499,162.5,1681131720000,37
5082,162.5855,162.55,162.61,162.61,162.55,1681131780000,115
3047,162.5118,162.56,162.5,162.56,162.5,1681131840000,51
2996,162.53,162.5,162.51,162.55,162.5,1681131900000,85
11442,162.5401,162.55,162.5,162.55,162.5,1681131960000,182
7307,162.4177,162.48,162.4,162.48,162.4,1681132020000,145
7333,162.4329,162.43,162.42,162.46,162.4,1681132080000,100
1518,162.4033,162.41,162.4,162.41,162.4,1681132140000,59
2841,162.4015,162.41,162.4003,162.41,162.39,1681132200000,87
940,162.4114,162.42,162.42,162.42,162.42,1681132260000,64
3245,162.436,162.4359,162.45,162.45,162.43,1681132320000,94
804,162.4607,162.4844,162.44,162.4844,162.44,1681132380000,40
1212,162.4424,162.44,162.44,162.45,162.44,1681132440000,50
965,162.4228,162.4007,162.44,162.44,162.4007,1681132500000,29
1034,162.4323,162.44,162.43,162.44,162.43,1681132560000,52
8741,162.4091,162.41,162.39,162.43,162.39,1681132620000,108
4490,162.3768,162.38,162.35,162.39,162.35,1681132680000,78
11815,162.2449,162.3,162.18,162.31,162.18,1681132740000,269
15997,162.2055,162.2,162.22,162.24,162.15,1681132800000,231
12344,162.2237,162.22,162.24,162.27,162.2,1681132860000,172
17077,162.2064,162.21,162.2,162.22,162.1999,1681132920000,160
4987,162.1591,162.19,162.11,162.19,162.11,1681132980000,108
6217,162.1488,162.13,162.16,162.19,162.11,1681133040000,128
43109,162.0106,162.15,162,162.15,161.92,1681133100000,615
17738,162.0332,162.02,162.05,162.0999,161.96,1681133160000,267
61532,161.6326,162,161.4,162.01,161.3425,1681133220000,865
46858,161.3843,161.4,161.59,161.59,161.2,1681133280000,536
35655,161.4755,161.59,161.39,161.59,161.39,1681133340000,490
1549823,161.5672,161.42,161.7677,162,161.37,1681133400000,15279
241348,161.7209,161.7692,161.69,161.81,161.58,1681133460000,3117
288191,161.6603,161.7099,161.5801,161.78,161.56,1681133520000,3409
324583,161.6403,161.5899,161.58,161.86,161.38,1681133580000,3538
274529,161.5528,161.495,161.53,161.78,161.38,1681133640000,3411
364192,161.3899,161.53,161.12,161.63,161.11,1681133700000,4016
446665,161.0445,161.11,161.14,161.14,160.92,1681133760000,4734
311432,161.1632,161.14,161.165,161.27,161.08,1681133820000,3295
349878,160.9844,161.165,160.92,161.1699,160.83,1681133880000,3464
283691,161.1097,160.91,161.17,161.27,160.8831,1681133940000,3237
235040,161.0353,161.16,161.03,161.19,160.92,1681134000000,2811
262786,160.9859,161.01,160.94,161.09,160.84,1681134060000,2929
329369,161.0118,160.955,160.95,161.17,160.8688,1681134120000,3356
212858,160.9818,160.94,160.875,161.07,160.87,1681134180000,2298
301743,160.8139,160.8767,160.88,160.9211,160.67,1681134240000,3169
281507,160.8216,160.89,160.7943,160.9,160.705,1681134300000,2585
373755,160.6232,160.809,160.5112,160.8293,160.4,1681134360000,5087
222447,160.5419,160.51,160.48,160.62,160.4601,1681134420000,4642
306132,160.4604,160.485,160.4,160.53,160.36,1681134480000,5330
265724,160.3928,160.4067,160.28,160.51,160.22,1681134540000,5074
292217,160.3233,160.275,160.28,160.39,160.23,1681134600000,4857
421392,160.2512,160.27,160.289,160.35,160.17,1681134660000,5732
364578,160.2109,160.28,160.15,160.31,160.08,1681134720000,5337
251138,160.3469,160.1512,160.4375,160.45,160.135,1681134780000,4729
233447,160.4248,160.44,160.4907,160.4907,160.36,1681134840000,4537
283812,160.5706,160.49,160.53,160.67,160.44,1681134900000,4894
183280,160.6021,160.53,160.6,160.67,160.51,1681134960000,4128
240432,160.5117,160.59,160.49,160.62,160.38,1681135020000,5123
146997,160.4465,160.49,160.39,160.51,160.38,1681135080000,3748
173219,160.4213,160.39,160.4712,160.51,160.36,1681135140000,3747
226486,160.2919,160.47,160.2,160.47,160.2,1681135200000,4792
160780,160.2662,160.19,160.29,160.35,160.185,1681135260000,4387
147594,160.3625,160.29,160.435,160.438,160.28,1681135320000,4129
137935,160.417,160.44,160.34,160.48,160.3136,1681135380000,3792
128595,160.4537,160.35,160.5499,160.56,160.3411,1681135440000,3590
152121,160.5853,160.55,160.535,160.63,160.52,1681135500000,4071
208426,160.4284,160.53,160.45,160.53,160.28,1681135560000,4562
112734,160.5308,160.45,160.4601,160.595,160.4494,1681135620000,3570
118642,160.4394,160.46,160.45,160.52,160.39,1681135680000,3376
169195,160.3751,160.46,160.375,160.47,160.3,1681135740000,4184
127568,160.4374,160.3787,160.5,160.51,160.37,1681135800000,3597
161813,160.5475,160.51,160.58,160.59,160.5,1681135860000,4062
175804,160.6372,160.585,160.68,160.71,160.56,1681135920000,3993
145390,160.6411,160.675,160.63,160.68,160.59,1681135980000,3629
198867,160.614,160.63,160.49,160.73,160.47,1681136040000,4056
126851,160.6054,160.4823,160.545,160.67,160.4823,1681136100000,3717
374209,160.5039,160.54,160.547,160.5688,160.44,1681136160000,3836
113434,160.545,160.5451,160.56,160.62,160.46,1681136220000,3696
131291,160.598,160.565,160.5,160.68,160.5,1681136280000,3913
144853,160.424,160.5,160.38,160.505,160.35,1681136340000,3963
155627,160.3674,160.38,160.27,160.49,160.255,1681136400000,4174
193925,160.2455,160.2659,160.2841,160.3,160.19,1681136460000,4397
127789,160.3678,160.28,160.44,160.455,160.26,1681136520000,3816
100377,160.4574,160.45,160.44,160.5287,160.4,1681136580000,3610
82673,160.4619,160.44,160.5,160.5198,160.41,1681136640000,3401
112630,160.5287,160.5,160.5479,160.5983,160.47,1681136700000,3618
112990,160.4766,160.54,160.4,160.575,160.35,1681136760000,3584
78410,160.4299,160.39,160.445,160.465,160.37,1681136820000,3385
192768,160.2411,160.44,160.1815,160.44,160.15,1681136880000,4345
148918,160.1544,160.18,160.155,160.215,160.09,1681136940000,4062
139895,160.2367,160.16,160.33,160.335,160.145,1681137000000,3216
127617,160.3806,160.34,160.344,160.4271,160.33,1681137060000,3054
135849,160.3829,160.34,160.3029,160.44,160.3029,1681137120000,3120
67707,160.3233,160.3,160.335,160.37,160.2702,1681137180000,2114
121867,160.3518,160.32,160.37,160.4,160.28,1681137240000,1287
117460,160.3215,160.365,160.32,160.375,160.26,1681137300000,1457
100710,160.3341,160.32,160.409,160.43,160.25,1681137360000,1256
158543,160.489,160.42,160.48,160.56,160.42,1681137420000,1493
63394,160.4676,160.48,160.4816,160.501,160.43,1681137480000,891
73827,160.4941,160.4815,160.5099,160.55,160.42,1681137540000,991
86432,160.5641,160.5,160.54,160.6,160.5,1681137600000,1033
93296,160.4843,160.5378,160.48,160.545,160.44,1681137660000,1287
74524,160.5223,160.48,160.5912,160.5912,160.45,1681137720000,980
94003,160.5697,160.59,160.58,160.61,160.53,1681137780000,1035
145105,160.692,160.58,160.74,160.79,160.575,1681137840000,1525
194445,160.6536,160.73,160.62,160.747,160.55,1681137900000,2033
107730,160.6714,160.6115,160.71,160.725,160.6115,1681137960000,1022
76591,160.7158,160.71,160.72,160.75,160.68,1681138020000,934
84448,160.718,160.715,160.735,160.7499,160.69,1681138080000,857
140607,160.781,160.74,160.815,160.82,160.73,1681138140000,1321
128902,160.7194,160.815,160.6607,160.815,160.63,1681138200000,1408
109372,160.6105,160.66,160.63,160.6862,160.52,1681138260000,1360
94004,160.6375,160.62,160.59,160.67,160.59,1681138320000,1052
100916,160.5436,160.595,160.56,160.605,160.505,1681138380000,1107
384497,160.5532,160.5601,160.59,160.62,160.51,1681138440000,1065
99849,160.662,160.59,160.685,160.7174,160.59,1681138500000,1324
104457,160.6893,160.68,160.635,160.74,160.625,1681138560000,1538
85174,160.6518,160.63,160.6901,160.7,160.62,1681138620000,1102
68100,160.6988,160.695,160.63,160.74,160.63,1681138680000,934
83475,160.6013,160.62,160.545,160.67,160.52,1681138740000,1057
70412,160.5785,160.545,160.58,160.6113,160.53,1681138800000,893
101217,160.6604,160.585,160.76,160.77,160.54,1681138860000,1130
106896,160.7671,160.7601,160.735,160.81,160.72,1681138920000,1158
152168,160.8682,160.74,160.895,160.94,160.74,1681138980000,1450
132697,160.8048,160.88,160.795,160.88,160.71,1681139040000,1552
82247,160.8314,160.7915,160.8138,160.865,160.78,1681139100000,907
88836,160.8662,160.81,160.89,160.9249,160.795,1681139160000,1012
91154,160.8738,160.895,160.855,160.915,160.84,1681139220000,1081
107240,160.9383,160.855,160.97,160.99,160.8426,1681139280000,1124
165282,161.0419,160.98,161.0601,161.1,160.97,1681139340000,1788
159070,161.1321,161.06,161.22,161.22,161.0519,1681139400000,1401
112131,161.1631,161.22,161.1601,161.225,161.11,1681139460000,1118
140923,161.2337,161.165,161.27,161.285,161.16,1681139520000,1298
147766,161.2914,161.2793,161.33,161.34,161.2502,1681139580000,1418
131861,161.3159,161.33,161.32,161.3793,161.26,1681139640000,1090
140251,161.3467,161.3214,161.3301,161.3999,161.3,1681139700000,1747
100581,161.353,161.33,161.37,161.38,161.3208,1681139760000,1245
87592,161.3645,161.3788,161.37,161.4,161.33,1681139820000,889
130942,161.3181,161.38,161.32,161.39,161.2601,1681139880000,1245
99042,161.2655,161.33,161.255,161.33,161.23,1681139940000,959
74008,161.2326,161.27,161.21,161.2713,161.2,1681140000000,836
102073,161.2925,161.22,161.32,161.36,161.22,1681140060000,872
70950,161.3422,161.315,161.35,161.38,161.3013,1681140120000,755
75593,161.2791,161.37,161.21,161.3899,161.2001,1681140180000,862
98660,161.1396,161.2064,161.11,161.21,161.1,1681140240000,1116
96989,161.1083,161.1101,161.09,161.15,161.06,1681140300000,920
96266,161.1333,161.1,161.162,161.1778,161.08,1681140360000,930
60437,161.1618,161.1601,161.15,161.19,161.13,1681140420000,627
65325,161.0846,161.14,161.08,161.14,161.05,1681140480000,722
75657,161.1148,161.08,161.135,161.14,161.07,1681140540000,740
69050,161.1789,161.1408,161.22,161.2283,161.12,1681140600000,840
55368,161.2116,161.215,161.19,161.2502,161.17,1681140660000,725
46329,161.1173,161.1999,161.11,161.1999,161.07,1681140720000,597
71815,161.1426,161.11,161.2,161.2,161.09,1681140780000,647
93049,161.2812,161.21,161.323,161.34,161.21,1681140840000,926
113486,161.3262,161.32,161.39,161.395,161.25,1681140900000,862
134542,161.4268,161.39,161.4707,161.48,161.36,1681140960000,1046
72758,161.3932,161.4755,161.34,161.4755,161.32,1681141020000,718
65681,161.3852,161.35,161.4301,161.4301,161.35,1681141080000,641
98026,161.4533,161.44,161.47,161.49,161.42,1681141140000,793
74735,161.4561,161.48,161.46,161.49,161.43,1681141200000,757
61399,161.4442,161.46,161.4411,161.47,161.4111,1681141260000,638
111506,161.4981,161.44,161.52,161.54,161.43,1681141320000,1038
120705,161.4985,161.529,161.5403,161.55,161.44,1681141380000,1277
94751,161.5768,161.54,161.58,161.61,161.53,1681141440000,947
92453,161.5093,161.58,161.4603,161.58,161.46,1681141500000,933
78860,161.4357,161.4683,161.38,161.47,161.3709,1681141560000,909
47215,161.3737,161.38,161.3718,161.4,161.335,1681141620000,655
54494,161.4029,161.3792,161.395,161.435,161.375,1681141680000,657
57747,161.4317,161.388,161.435,161.47,161.37,1681141740000,656
40458,161.4505,161.445,161.44,161.46,161.43,1681141800000,517
47460,161.4305,161.44,161.4199,161.45,161.41,1681141860000,633
58994,161.4385,161.42,161.4601,161.4799,161.39,1681141920000,654
35107,161.4187,161.465,161.3701,161.47,161.37,1681141980000,587
98737,161.3361,161.37,161.3301,161.375,161.3,1681142040000,1000
83876,161.288,161.32,161.26,161.33,161.255,1681142100000,1005
86082,161.2312,161.25,161.22,161.2772,161.18,1681142160000,873
77054,161.1882,161.23,161.2399,161.2399,161.15,1681142220000,907
62847,161.1659,161.2303,161.14,161.235,161.13,1681142280000,698
63797,161.1084,161.15,161.1008,161.15,161.08,1681142340000,760
55229,161.1131,161.1,161.09,161.1492,161.08,1681142400000,749
121371,161.041,161.09,161.07,161.09,161.01,1681142460000,1024
54894,161.0379,161.08,161.0401,161.09,161.02,1681142520000,657
87116,160.9759,161.03,160.9101,161.03,160.9101,1681142580000,1289
104269,160.87,160.91,160.8901,160.91,160.8301,1681142640000,1029
82257,160.8187,160.9,160.7701,160.9,160.7617,1681142700000,961
131955,160.7046,160.77,160.7101,160.77,160.6467,1681142760000,1262
161584,160.6835,160.715,160.66,160.7198,160.64,1681142820000,1452
91116,160.6351,160.665,160.62,160.6819,160.6,1681142880000,1029
110274,160.7198,160.62,160.81,160.82,160.6001,1681142940000,1005
83598,160.7741,160.815,160.7293,160.815,160.72,1681143000000,852
49165,160.7548,160.73,160.76,160.79,160.72,1681143060000,597
61432,160.7032,160.7523,160.6686,160.7585,160.66,1681143120000,686
45514,160.65,160.66,160.6881,160.6881,160.62,1681143180000,593
64725,160.6666,160.69,160.67,160.7102,160.62,1681143240000,634
57073,160.7153,160.66,160.745,160.76,160.6598,1681143300000,724
47022,160.7214,160.74,160.716,160.75,160.68,1681143360000,586
43558,160.7001,160.719,160.6931,160.74,160.66,1681143420000,580
60291,160.6925,160.69,160.7201,160.75,160.64,1681143480000,716
40628,160.7014,160.7204,160.6912,160.7305,160.68,1681143540000,546
58994,160.7206,160.695,160.71,160.77,160.68,1681143600000,746
39276,160.7191,160.7,160.7,160.75,160.6999,1681143660000,607
64364,160.7063,160.7001,160.72,160.745,160.665,1681143720000,772
30621,160.7068,160.715,160.745,160.745,160.69,1681143780000,482
85506,160.8002,160.745,160.8072,160.85,160.7383,1681143840000,751
53150,160.8036,160.8,160.825,160.8399,160.77,1681143900000,626
42320,160.7972,160.8199,160.77,160.83,160.76,1681143960000,621
36344,160.8057,160.775,160.81,160.835,160.77,1681144020000,533
49515,160.8081,160.82,160.8,160.83,160.785,1681144080000,576
49505,160.8397,160.8086,160.8208,160.87,160.8086,1681144140000,613
50754,160.8558,160.83,160.8899,160.9,160.82,1681144200000,685
42113,160.8953,160.89,160.895,160.93,160.855,1681144260000,672
105598,160.9753,160.9,161.0292,161.04,160.9,1681144320000,1034
91651,161.0677,161.0299,161.07,161.11,161.0299,1681144380000,1054
67236,161.0696,161.09,161.07,161.1,161.04,1681144440000,624
72866,161.1276,161.075,161.15,161.1701,161.075,1681144500000,882
124969,161.2626,161.15,161.272,161.33,161.15,1681144560000,1344
111655,161.2379,161.27,161.25,161.28,161.2101,1681144620000,867
124334,161.3281,161.24,161.435,161.445,161.23,1681144680000,1073
180743,161.5022,161.45,161.4786,161.58,161.43,1681144740000,1646
89847,161.4674,161.48,161.51,161.5295,161.43,1681144800000,956
89483,161.4829,161.52,161.435,161.56,161.4,1681144860000,965
57798,161.4619,161.44,161.475,161.48,161.4371,1681144920000,663
61418,161.4865,161.475,161.46,161.52,161.4201,1681144980000,708
83766,161.4456,161.46,161.435,161.485,161.4,1681145040000,918
53910,161.4638,161.435,161.475,161.49,161.43,1681145100000,646
68573,161.4901,161.475,161.49,161.5153,161.465,1681145160000,707
77746,161.5048,161.4984,161.515,161.55,161.45,1681145220000,871
103599,161.5623,161.5126,161.53,161.6131,161.51,1681145280000,1015
85195,161.5149,161.52,161.53,161.55,161.49,1681145340000,924
93827,161.4972,161.525,161.415,161.55,161.41,1681145400000,911
46031,161.4398,161.42,161.4231,161.48,161.41,1681145460000,697
69014,161.4273,161.4232,161.455,161.47,161.39,1681145520000,697
88265,161.4039,161.46,161.39,161.465,161.36,1681145580000,747
60461,161.3357,161.39,161.33,161.39,161.3,1681145640000,693
60788,161.3499,161.32,161.3318,161.385,161.3101,1681145700000,665
43009,161.3624,161.35,161.36,161.4,161.3201,1681145760000,517
42816,161.3998,161.37,161.42,161.43,161.37,1681145820000,602
35859,161.4169,161.42,161.4099,161.435,161.3901,1681145880000,490
68858,161.4048,161.4,161.4,161.4299,161.37,1681145940000,582
73787,161.3877,161.41,161.315,161.45,161.3015,1681146000000,899
83227,161.3537,161.32,161.405,161.44,161.28,1681146060000,706
76031,161.4696,161.4001,161.495,161.53,161.4,1681146120000,779
66255,161.4378,161.495,161.415,161.5,161.3821,1681146180000,776
80176,161.4225,161.4199,161.36,161.49,161.34,1681146240000,923
47311,161.3722,161.35,161.3225,161.4204,161.32,1681146300000,643
49103,161.3907,161.3248,161.44,161.46,161.32,1681146360000,620
41133,161.4082,161.45,161.365,161.48,161.35,1681146420000,530
50581,161.413,161.365,161.415,161.45,161.36,1681146480000,635
80599,161.3973,161.41,161.37,161.46,161.36,1681146540000,841
59897,161.3594,161.36,161.3899,161.4,161.31,1681146600000,671
47982,161.4078,161.39,161.3818,161.45,161.3705,1681146660000,626
67403,161.4119,161.39,161.3999,161.44,161.3799,1681146720000,796
67130,161.3121,161.395,161.26,161.4,161.25,1681146780000,1040
129615,161.2401,161.255,161.27,161.29,161.19,1681146840000,1290
67229,161.2315,161.261,161.245,161.27,161.1701,1681146900000,708
57963,161.2519,161.2472,161.27,161.28,161.2008,1681146960000,706
80599,161.3441,161.28,161.38,161.4,161.26,1681147020000,690
53680,161.4071,161.3748,161.375,161.455,161.36,1681147080000,667
46736,161.3974,161.37,161.375,161.4299,161.364,1681147140000,554
56608,161.3176,161.375,161.31,161.375,161.29,1681147200000,651
55947,161.322,161.31,161.36,161.36,161.29,1681147260000,670
48618,161.3603,161.3623,161.36,161.39,161.34,1681147320000,667
56260,161.3369,161.36,161.34,161.375,161.305,1681147380000,614
43946,161.3087,161.345,161.315,161.345,161.2616,1681147440000,663
65955,161.3659,161.32,161.43,161.45,161.31,1681147500000,702
94435,161.457,161.4359,161.44,161.5,161.41,1681147560000,886
54159,161.459,161.44,161.4823,161.495,161.43,1681147620000,642
76371,161.5156,161.485,161.525,161.55,161.48,1681147680000,766
67333,161.5477,161.53,161.5699,161.575,161.525,1681147740000,651
104052,161.5715,161.57,161.5402,161.63,161.54,1681147800000,1167
74044,161.541,161.5471,161.495,161.5799,161.48,1681147860000,879
49399,161.5104,161.49,161.4786,161.55,161.461,1681147920000,787
46745,161.5029,161.4701,161.54,161.545,161.4701,1681147980000,719
49504,161.5327,161.5399,161.55,161.5655,161.48,1681148040000,569
34169,161.5227,161.5413,161.5099,161.56,161.4886,1681148100000,537
42735,161.4828,161.5,161.5,161.5199,161.44,1681148160000,573
46405,161.4635,161.49,161.48,161.4982,161.43,1681148220000,502
40627,161.478,161.4881,161.455,161.51,161.4501,1681148280000,495
49868,161.4813,161.455,161.45,161.51,161.44,1681148340000,656
57822,161.4768,161.46,161.41,161.52,161.41,1681148400000,679
47768,161.4282,161.41,161.415,161.475,161.4,1681148460000,535
62127,161.3746,161.41,161.3476,161.41,161.335,1681148520000,759
61993,161.3422,161.34,161.34,161.3819,161.31,1681148580000,667
53551,161.3854,161.34,161.435,161.44,161.32,1681148640000,653
50128,161.4273,161.44,161.4399,161.4591,161.3828,1681148700000,572
68832,161.4575,161.44,161.495,161.5,161.4101,1681148760000,772
77105,161.542,161.495,161.55,161.57,161.495,1681148820000,758
47394,161.5719,161.555,161.54,161.6,161.54,1681148880000,537
82049,161.561,161.5418,161.5101,161.63,161.4907,1681148940000,851
41289,161.5161,161.525,161.54,161.549,161.46,1681149000000,521
32414,161.5337,161.53,161.525,161.555,161.51,1681149060000,442
42371,161.5492,161.5299,161.52,161.59,161.51,1681149120000,484
69195,161.5078,161.53,161.4706,161.565,161.451,1681149180000,709
70284,161.4152,161.475,161.3899,161.51,161.36,1681149240000,696
78490,161.3857,161.38,161.435,161.44,161.34,1681149300000,738
33313,161.4562,161.435,161.44,161.49,161.43,1681149360000,439
44126,161.3884,161.43,161.37,161.43,161.35,1681149420000,590
38821,161.3702,161.365,161.394,161.4,161.34,1681149480000,468
49481,161.424,161.39,161.435,161.44,161.39,1681149540000,498
81653,161.4084,161.44,161.39,161.4594,161.35,1681149600000,686
61805,161.3665,161.39,161.385,161.39,161.34,1681149660000,561
47025,161.4126,161.39,161.435,161.44,161.39,1681149720000,560
50861,161.452,161.43,161.45,161.4799,161.43,1681149780000,550
56918,161.4741,161.46,161.5,161.505,161.44,1681149840000,548
87047,161.5487,161.505,161.5706,161.59,161.505,1681149900000,745
72091,161.5802,161.5814,161.585,161.63,161.5539,1681149960000,693
59229,161.559,161.585,161.55,161.605,161.52,1681150020000,614
41531,161.5606,161.5433,161.5699,161.5999,161.515,1681150080000,579
43396,161.5147,161.56,161.47,161.56,161.47,1681150140000,580
45676,161.4828,161.48,161.5,161.5113,161.44,1681150200000,583
53530,161.5281,161.49,161.585,161.59,161.475,1681150260000,622
62991,161.6043,161.5807,161.595,161.64,161.5688,1681150320000,707
80843,161.6433,161.595,161.65,161.68,161.595,1681150380000,847
42216,161.6381,161.65,161.6229,161.67,161.6,1681150440000,528
74741,161.6624,161.63,161.655,161.69,161.62,1681150500000,799
93986,161.737,161.655,161.78,161.795,161.65,1681150560000,980
82598,161.752,161.78,161.73,161.7999,161.69,1681150620000,770
90396,161.7749,161.74,161.7812,161.8,161.73,1681150680000,878
41790,161.7651,161.78,161.7699,161.79,161.745,1681150740000,617
62963,161.7882,161.765,161.815,161.82,161.7587,1681150800000,787
65880,161.8057,161.815,161.78,161.84,161.78,1681150860000,723
70555,161.7886,161.79,161.82,161.83,161.75,1681150920000,870
52344,161.8089,161.81,161.805,161.835,161.7816,1681150980000,598
48539,161.7915,161.805,161.76,161.815,161.76,1681151040000,759
59104,161.7723,161.7604,161.7999,161.82,161.74,1681151100000,745
59804,161.7397,161.8,161.7213,161.8,161.71,1681151160000,667
48012,161.6967,161.72,161.695,161.72,161.68,1681151220000,634
41543,161.7061,161.69,161.725,161.735,161.68,1681151280000,547
36483,161.7117,161.73,161.715,161.7301,161.6801,1681151340000,520
47578,161.7179,161.72,161.73,161.748,161.68,1681151400000,611
69100,161.7412,161.74,161.738,161.77,161.71,1681151460000,708
43415,161.7289,161.73,161.74,161.76,161.7,1681151520000,601
68055,161.7482,161.745,161.7616,161.767,161.73,1681151580000,758
52939,161.695,161.76,161.665,161.7699,161.65,1681151640000,702
57862,161.6413,161.665,161.66,161.69,161.6014,1681151700000,766
45692,161.6231,161.655,161.59,161.69,161.58,1681151760000,639
36265,161.5831,161.58,161.57,161.61,161.56,1681151820000,604
48729,161.5791,161.57,161.6,161.62,161.55,1681151880000,587
47535,161.6176,161.6001,161.605,161.6499,161.5717,1681151940000,641
58479,161.5753,161.615,161.565,161.6299,161.55,1681152000000,598
53472,161.5335,161.58,161.5281,161.585,161.51,1681152060000,727
76979,161.4886,161.5265,161.46,161.5265,161.455,1681152120000,903
42224,161.4736,161.453,161.48,161.49,161.44,1681152180000,532
36973,161.4606,161.475,161.47,161.48,161.43,1681152240000,498
50127,161.464,161.47,161.48,161.48,161.435,1681152300000,676
78232,161.5041,161.48,161.5324,161.55,161.46,1681152360000,785
76700,161.5378,161.535,161.54,161.56,161.5,1681152420000,631
39522,161.5511,161.5393,161.52,161.58,161.515,1681152480000,480
34457,161.5315,161.51,161.545,161.545,161.51,1681152540000,403
55695,161.5769,161.54,161.5816,161.6,161.54,1681152600000,591
64474,161.6246,161.58,161.63,161.66,161.58,1681152660000,722
55648,161.6303,161.62,161.6494,161.66,161.6,1681152720000,507
59404,161.6753,161.6483,161.7,161.7199,161.63,1681152780000,616
50211,161.6834,161.7,161.6884,161.715,161.67,1681152840000,624
41048,161.7055,161.69,161.71,161.73,161.685,1681152900000,596
62775,161.7069,161.705,161.71,161.7399,161.67,1681152960000,643
40336,161.7072,161.7001,161.6995,161.73,161.69,1681153020000,516
58181,161.7129,161.7,161.73,161.748,161.7,1681153080000,685
108415,161.7404,161.7235,161.72,161.76,161.71,1681153140000,963
73327,161.7589,161.73,161.7513,161.799,161.73,1681153200000,880
55218,161.7665,161.76,161.7638,161.7873,161.75,1681153260000,746
78951,161.6968,161.77,161.675,161.775,161.66,1681153320000,966
76265,161.6299,161.675,161.645,161.675,161.59,1681153380000,880
47638,161.6777,161.645,161.68,161.7,161.645,1681153440000,579
61602,161.687,161.69,161.69,161.71,161.67,1681153500000,694
54635,161.6416,161.69,161.6,161.7,161.595,1681153560000,706
121666,161.6016,161.595,161.675,161.685,161.55,1681153620000,1214
53467,161.6541,161.68,161.66,161.695,161.62,1681153680000,656
47294,161.6435,161.665,161.6464,161.67,161.6,1681153740000,591
51379,161.6625,161.65,161.6791,161.69,161.63,1681153800000,640
62751,161.6357,161.675,161.61,161.69,161.59,1681153860000,631
54079,161.5967,161.62,161.565,161.62,161.565,1681153920000,606
56847,161.5647,161.57,161.5599,161.61,161.54,1681153980000,623
74671,161.5283,161.555,161.53,161.555,161.5,1681154040000,806
47257,161.5438,161.53,161.545,161.565,161.51,1681154100000,536
51544,161.5512,161.55,161.5501,161.5793,161.5125,1681154160000,617
71954,161.611,161.55,161.665,161.6688,161.545,1681154220000,651
85287,161.6518,161.66,161.68,161.7,161.615,1681154280000,768
88818,161.6975,161.675,161.725,161.73,161.655,1681154340000,683
76837,161.6862,161.725,161.68,161.73,161.63,1681154400000,858
92022,161.6837,161.68,161.6771,161.71,161.655,1681154460000,781
87471,161.7297,161.6784,161.77,161.7801,161.665,1681154520000,751
71305,161.7173,161.762,161.6742,161.78,161.67,1681154580000,645
70032,161.6342,161.685,161.63,161.685,161.605,1681154640000,620
76027,161.6099,161.63,161.61,161.64,161.5811,1681154700000,809
46111,161.6158,161.61,161.6301,161.64,161.59,1681154760000,540
51117,161.6297,161.64,161.6001,161.66,161.6001,1681154820000,601
62363,161.6187,161.6001,161.6449,161.6568,161.59,1681154880000,633
58200,161.6408,161.64,161.5892,161.665,161.585,1681154940000,659
63994,161.588,161.59,161.56,161.64,161.55,1681155000000,802
115047,161.5962,161.56,161.6202,161.64,161.56,1681155060000,1406
96487,161.6706,161.6299,161.6689,161.7001,161.62,1681155120000,1185
67086,161.6683,161.6667,161.69,161.7,161.64,1681155180000,973
70538,161.6517,161.6999,161.63,161.6999,161.6206,1681155240000,800
97600,161.6505,161.625,161.66,161.685,161.61,1681155300000,993
123953,161.7306,161.665,161.755,161.78,161.655,1681155360000,1222
108504,161.7367,161.7501,161.7695,161.775,161.69,1681155420000,1087
92580,161.7463,161.76,161.7355,161.78,161.71,1681155480000,1083
105898,161.7896,161.74,161.8201,161.83,161.72,1681155540000,982
132810,161.8331,161.82,161.85,161.86,161.81,1681155600000,1198
155572,161.853,161.85,161.865,161.89,161.82,1681155660000,1334
140556,161.8823,161.8692,161.93,161.94,161.835,1681155720000,1309
132269,161.866,161.935,161.795,161.935,161.78,1681155780000,1095
117259,161.7769,161.7977,161.7599,161.815,161.74,1681155840000,939
118633,161.698,161.755,161.71,161.755,161.665,1681155900000,1115
124237,161.7535,161.705,161.755,161.79,161.705,1681155960000,1161
86851,161.7226,161.76,161.7201,161.785,161.6807,1681156020000,938
104730,161.764,161.7289,161.78,161.8,161.715,1681156080000,1118
109312,161.7463,161.77,161.77,161.78,161.7,1681156140000,967
234864,161.7826,161.77,161.81,161.84,161.7,1681156200000,2182
117242,161.7691,161.8,161.775,161.805,161.73,1681156260000,1257
152572,161.8042,161.775,161.835,161.85,161.765,1681156320000,1369
210553,161.8341,161.83,161.83,161.88,161.78,1681156380000,2197
183081,161.7628,161.825,161.7499,161.83,161.67,1681156440000,1927
235081,161.8042,161.75,161.83,161.84,161.75,1681156500000,2086
187194,161.7962,161.83,161.815,161.835,161.74,1681156560000,1827
266058,161.8272,161.8116,161.825,161.86,161.79,1681156620000,2129
226373,161.8086,161.825,161.815,161.84,161.76,1681156680000,2203
800072,161.9197,161.82,162.025,162.03,161.81,1681156740000,6222
932955,162.0289,162.01,161.99,162.03,161.93,1681156800000,163
12406,161.9918,161.99,162.02,162.02,161.96,1681156860000,201
2502,162.0258,162.03,162.03,162.03,162.03,1681156920000,49
2538,162.0199,162.02,162.03,162.03,162.01,1681156980000,67
6595,162.0289,162.0299,162.04,162.05,162.02,1681157040000,100
13436,162.0308,162.03,162.04,162.05,162.03,1681157100000,39
2425,162.0438,162.03,162.05,162.05,162.03,1681157160000,51
79696,162.0316,162.04,162.06,162.06,162.03,1681157220000,49
26439,162.0302,162.05,162.04,162.05,162.03,1681157280000,16
463,162.0353,162.03,162.05,162.05,162.03,1681157340000,27
1654,162.0382,162.04,162.03,162.04,162.03,1681157400000,28
2749,162.0306,162.03,162.03,162.03,162.03,1681157460000,43
5325,162.0352,162.0495,162.05,162.05,162.03,1681157520000,43
28660,162.0302,162.04,162.03,162.04,162.03,1681157640000,23
5236,162.0551,162.06,162.0499,162.09,162.03,1681157700000,70
755,162.043,162.05,162.05,162.05,162.05,1681157820000,26
1915,162.0596,162.0599,162.0599,162.0599,162.0599,1681157880000,11
350,162.0419,162.05,162.05,162.05,162.05,1681157940000,19
2161,162.0398,162.04,162.04,162.04,162.04,1681158000000,19
1926,162.0307,162.04,162.03,162.04,162.03,1681158060000,42
91646,162.0306,162.04,162.05,162.06,162.04,1681158120000,44
4790,162.0689,162.0601,162.07,162.08,162.0601,1681158180000,28
4569,162.0505,162.05,162.05,162.05,162.05,1681158240000,44
3719,162.06,162.0599,162.06,162.06,162.0599,1681158300000,23
845,162.0539,162.05,162.0699,162.0699,162.05,1681158360000,19
775,162.0606,162.07,162.05,162.07,162.05,1681158420000,15
2352,162.0697,162.07,162.08,162.08,162.07,1681158480000,49
1315,162.0903,162.08,162.09,162.09,162.08,1681158540000,25
1194,162.1384,162.13,162.15,162.15,162.13,1681158600000,40
2844,162.1585,162.15,162.16,162.19,162.15,1681158660000,43
2145,162.1571,162.17,162.16,162.17,162.15,1681158720000,33
5112,162.1499,162.14,162.12,162.18,162.12,1681158780000,40
33211,162.0437,162.13,162.03,162.13,162.03,1681158840000,33
3006,162.1224,162.13,162.12,162.13,162.12,1681158900000,40
45406,162.0377,162.1194,162.1,162.12,162.03,1681158960000,19
491773,162.0305,162.1,162.13,162.13,162.1,1681159020000,43
1339,162.1101,162.11,162.11,162.11,162.11,1681159080000,13
1759,162.1098,162.11,162.11,162.11,162.11,1681159140000,24
313,162.1135,162.11,162.12,162.12,162.11,1681159200000,16
1904,162.1187,162.11,162.12,162.12,162.11,1681159260000,13
947,162.126,162.13,162.13,162.13,162.13,1681159320000,35
1694,162.1096,162.11,162.11,162.11,162.11,1681159500000,11
1409,162.0891,162.11,162.08,162.11,162.07,1681159560000,29
200,162.0726,162.07,162.07,162.07,162.07,1681159620000,19
996,162.0705,162.07,162.07,162.07,162.07,1681159740000,29
398,162.0674,162.0601,162.0601,162.0601,162.0601,1681159800000,17
431,162.0698,162.07,162.07,162.07,162.07,1681159860000,18
280,162.0795,162.08,162.08,162.08,162.08,1681159980000,17
460,162.0761,162.08,162.08,162.08,162.08,1681160100000,15
2498,162.108,162.09,162.12,162.12,162.09,1681160220000,41
1270,162.0601,162.06,162.06,162.06,162.06,1681160280000,15
239,162.0498,162.0428,162.0428,162.0428,162.0428,1681160400000,13
951,162.0638,162.1,162.05,162.1,162.05,1681160520000,20
1273,162.0467,162.05,162.04,162.05,162.04,1681160580000,32
278,162.0547,162.06,162.06,162.06,162.06,1681160640000,17
3749,162.0334,162.04,162.03,162.05,162.03,1681160700000,49
732,162.0442,162.0599,162.03,162.0599,162.03,1681160820000,26
3902,161.7061,162.03,162.01,162.03,162.01,1681160880000,41
4691,162.0051,162.01,161.98,162.01,161.98,1681160940000,76
1557,161.9906,161.98,162,162,161.98,1681161000000,44
1052,161.982,161.97,162,162,161.97,1681161060000,27
2352,161.9723,161.97,161.96,161.98,161.96,1681161120000,32
1916,161.9592,161.96,161.96,161.96,161.95,1681161180000,36
1921,161.9627,161.95,161.95,161.98,161.95,1681161240000,18
204,161.9715,161.98,161.98,161.98,161.98,1681161300000,24
712,161.955,161.9561,161.95,161.9561,161.95,1681161360000,20
899,161.9639,161.96,161.97,161.97,161.96,1681161420000,24
390,161.9714,161.97,161.97,161.97,161.97,1681161480000,11
1561,161.9572,161.97,161.95,161.97,161.95,1681161600000,21
207,161.973,161.98,161.98,161.98,161.98,1681161780000,20
417,161.9688,161.97,161.97,161.97,161.97,1681161840000,10
168,161.967,161.97,161.97,161.97,161.97,1681161900000,13
621,161.9516,161.95,161.95,161.95,161.95,1681162080000,31
130,161.9628,161.96,161.96,161.96,161.96,1681162200000,7
905,161.9505,161.95,161.95,161.95,161.95,1681162320000,13
684,161.9554,161.96,161.95,161.96,161.95,1681162500000,15
662,161.9601,161.96,161.96,161.96,161.96,1681162620000,17
300,161.9618,161.96,161.96,161.96,161.96,1681162680000,13
347,161.9646,161.95,161.95,161.95,161.95,1681162800000,18
417,161.9573,161.95,161.96,161.96,161.95,1681162860000,18
148,161.9523,161.95,161.95,161.95,161.95,1681162980000,9
334,161.9543,161.96,161.96,161.96,161.96,1681163040000,17
628,161.9557,161.97,161.95,161.97,161.95,1681163100000,19
283,161.952,161.95,161.95,161.95,161.95,1681163160000,11
456,161.9771,161.9779,161.98,161.98,161.9779,1681163220000,7
387,161.9309,161.93,161.93,161.93,161.93,1681163520000,20
382,161.9411,161.9304,161.9304,161.9304,161.9304,1681163640000,23
210,161.9315,161.93,161.93,161.93,161.93,1681163700000,13
140,161.9464,161.95,161.95,161.95,161.95,1681163760000,13
945,161.9251,161.91,161.93,161.93,161.91,1681163880000,26
385,161.9103,161.91,161.91,161.91,161.91,1681164000000,8
107,161.9297,161.93,161.93,161.93,161.93,1681164060000,7
961,161.9305,161.92,161.95,161.95,161.92,1681164180000,22
816,161.9201,161.92,161.92,161.92,161.92,1681164360000,7
715,161.9396,161.94,161.94,161.94,161.94,1681164420000,7
532,161.9244,161.92,161.92,161.92,161.92,1681164480000,17
389,161.9215,161.9213,161.9213,161.9213,161.9213,1681164540000,10
989,161.9778,161.98,161.99,161.99,161.96,1681164660000,31
426,161.9898,161.99,161.99,161.99,161.99,1681164780000,14
2110,161.99,161.99,161.99,161.99,161.99,1681164960000,9
255,161.9534,161.95,161.95,161.95,161.95,1681165080000,10
211,161.9801,161.97,161.97,161.97,161.97,1681165260000,10
775,161.9997,162,162,162,162,1681165380000,27
1459,162.0305,162.03,162.04,162.04,162.03,1681165500000,25
567,162.0353,162.03,162.04,162.04,162.03,1681165620000,14
539,162.0497,162.04,162.05,162.05,162.04,1681165740000,24
356,162.0668,162.07,162.07,162.07,162.07,1681165860000,10
308,162.0669,162.07,162.07,162.07,162.07,1681165920000,12
318,162.0681,162.07,162.07,162.07,162.07,1681165980000,13
233,162.0686,162.07,162.07,162.07,162.07,1681166160000,9
168,162.054,162.05,162.05,162.05,162.05,1681166220000,14
527,162.0444,162.0401,162.05,162.05,162.0401,1681166400000,8
1055,162.0979,162.099,162.099,162.099,162.099,1681166520000,9
234,162.0441,162.04,162.04,162.04,162.04,1681166580000,10
8207,162.0501,162.05,162.05,162.05,162.05,1681166640000,13
426,162.0322,162.03,162.03,162.03,162.03,1681166700000,14
136,162.0308,162.03,162.03,162.03,162.03,1681166760000,12
165,162.0304,162.03,162.03,162.03,162.03,1681167240000,11
925,162.0375,162.03,162.03,162.0484,162.03,1681167420000,13
223,162.0113,162.01,162.01,162.01,162.01,1681167540000,10
889,162.0182,162.01,162.02,162.02,162.01,1681167840000,15
1125,162.03,162.03,162.03,162.03,162.03,1681167900000,9
421,162.0202,162.02,162.02,162.02,162.02,1681167960000,11
254,162.0327,162.04,162.04,162.04,162.04,1681168320000,15
944,162.0368,162.04,162.03,162.04,162.03,1681168380000,7
790,162.0453,162.04,162.05,162.05,162.04,1681168500000,15
586,162.0666,162.05,162.05,162.05,162.05,1681168980000,28
1028,162.0455,162.06,162.02,162.06,162.02,1681169340000,17
638,162.0264,162.04,162.02,162.04,162.02,1681169400000,14
1443,162.049,162.04,162.05,162.05,162.04,1681169460000,18
288,162.0603,162.06,162.06,162.06,162.06,1681169520000,10
226,162.0785,162.08,162.08,162.08,162.08,1681169580000,14
1416,162.1034,162.1,162.11,162.11,162.1,1681169700000,23
1554,162.1663,162.12,162.2,162.2,162.12,1681169940000,32
595,162.1314,162.1399,162.1,162.1399,162.1,1681170600000,11
256,162.1099,162.11,162.11,162.11,162.11,1681170660000,16
209,162.1198,162.12,162.12,162.12,162.12,1681170720000,14
1706,162.1265,162.1,162.14,162.14,162.1,1681170780000,24
600,162.1229,162.13,162.12,162.13,162.12,1681170840000,23
662,162.1376,162.14,162.14,162.14,162.14,1681170900000,14
682,162.1328,162.11,162.13,162.13,162.11,1681170960000,25
438,162.1354,162.13,162.13,162.13,162.13,1681171020000,18
2428,162.1848,162.1899,162.18,162.19,162.18,1681171080000,36
1411,162.1982,162.19,162.2,162.2,162.19,1681171140000,38
3999,162.3869,162.02,162.51,162.65,162.02,1681200000000,105
489,162.2223,162.21,162.21,162.21,162.21,1681200060000,32
433,162.187,162.2,162.16,162.2,162.16,1681200120000,7
898,162.2478,162.2,162.28,162.28,162.2,1681200180000,13
1630,162.2433,162.26,162.2,162.26,162.2,1681200240000,22
315,162.2606,162.26,162.26,162.26,162.26,1681200420000,5
361,162.2618,162.26,162.26,162.26,162.26,1681200480000,11
105,162.261,162.26,162.26,162.26,162.26,1681200540000,3
2142,162.2627,162.26,162.26,162.26,162.26,1681200600000,36
167,162.299,162.3,162.3,162.3,162.3,1681200780000,5
607,162.3455,162.35,162.35,162.35,162.35,1681201020000,11
376,162.3698,162.37,162.37,162.37,162.37,1681201200000,11
246,162.3649,162.35,162.35,162.35,162.35,1681201440000,8
824,162.3967,162.39,162.41,162.41,162.39,1681201620000,14
110,162.39,162.39,162.39,162.39,162.39,1681201680000,2
221,162.2812,162.28,162.28,162.28,162.28,1681201980000,6
2100,162.299,162.3,162.3,162.3,162.3,1681202160000,6
347,162.3358,162.34,162.34,162.34,162.34,1681202460000,15
750,162.295,162.31,162.31,162.31,162.31,1681202580000,18
552,162.2157,162.2,162.2,162.2,162.2,1681202880000,19
619,162.2108,162.2,162.21,162.21,162.2,1681203000000,24
5899,162.3263,162.3,162.33,162.33,162.3,1681203480000,44
255,162.389,162.4,162.4,162.4,162.4,1681203840000,11
544,162.3284,162.32,162.32,162.32,162.32,1681204140000,27
212,162.2156,162.21,162.21,162.21,162.21,1681204800000,14
1085,162.2087,162.21,162.2,162.21,162.2,1681204920000,46
373,162.2835,162.27,162.27,162.27,162.27,1681205340000,14
146,162.3008,162.3,162.3,162.3,162.3,1681205520000,4
3333,162.4554,162.4,162.5,162.5,162.4,1681206000000,80
714,162.4284,162.42,162.42,162.42,162.42,1681206240000,19
596,162.4371,162.43,162.44,162.44,162.43,1681206600000,14
1021,162.4042,162.4,162.4,162.4,162.4,1681206660000,19
478,162.5,162.5,162.5,162.5,162.5,1681206900000,17
633,162.5575,162.52,162.52,162.52,162.52,1681207020000,28
1522,162.7211,162.71,162.74,162.74,162.71,1681207320000,27
1314,162.6964,162.7,162.7,162.7,162.7,1681207620000,16
972,162.6001,162.6,162.6,162.6,162.6,1681207920000,24
676,162.6134,162.64,162.64,162.64,162.64,1681208040000,18
355,162.643,162.65,162.65,162.65,162.65,1681208460000,11
657,162.5918,162.6,162.57,162.6,162.57,1681208520000,18
1377,162.5545,162.56,162.55,162.56,162.55,1681208580000,12
413,162.6188,162.62,162.62,162.62,162.62,1681208760000,11
137,162.5753,162.57,162.57,162.57,162.57,1681208820000,6
3918,162.5502,162.55,162.55,162.55,162.55,1681208880000,17
1078,162.4376,162.38,162.38,162.38,162.38,1681209300000,59
1839,162.3053,162.31,162.29,162.31,162.29,1681209420000,26
594,162.3442,162.35,162.35,162.35,162.35,1681209600000,14
905,162.3384,162.31,162.34,162.34,162.31,1681209660000,19
1720,162.3011,162.3,162.29,162.3,162.29,1681209720000,25
3028,162.3001,162.3,162.3,162.3,162.3,1681209780000,54
555,162.345,162.39,162.3,162.39,162.3,1681209900000,15
323,162.2064,162.2,162.2,162.2,162.2,1681210200000,19
837,162.2022,162.2,162.2,162.2,162.2,1681210260000,20
576,162.2091,162.18,162.18,162.18,162.18,1681210320000,19
830,162.2369,162.23,162.22,162.23,162.22,1681210500000,21
4251,162.2807,162.21,162.35,162.35,162.21,1681210800000,101
234,162.3499,162.35,162.35,162.35,162.35,1681210860000,9
1665,162.3252,162.34,162.3,162.34,162.3,1681210920000,47
7422,162.2592,162.3,162.22,162.3,162.22,1681210980000,100
2848,162.2,162.23,162.21,162.23,162.2,1681211100000,73
3985,162.2071,162.28,162.07,162.34,162.07,1681211160000,93
1817,162.0722,162.1,162.1,162.1,162.05,1681211280000,38
651,162.0895,162.1,162.1,162.1,162.1,1681211340000,12
7748,162.0194,162.05,162.02,162.08,161.95,1681211400000,222
797,162.0858,162.08,162.08,162.08,162.08,1681211460000,41
3399,162.0466,162.05,162.03,162.05,162.03,1681211520000,33
2748,161.9221,161.94,161.89,161.97,161.89,1681211640000,56
2271,161.9284,161.95,161.91,161.95,161.91,1681211760000,34
1817,161.9568,161.9,162,162,161.9,1681211820000,34
1803,162.0915,162,162.17,162.17,162,1681211880000,53
2154,162.0814,162.11,162.06,162.12,162.06,1681211940000,36
3521,162.0458,162.03,162.1,162.1,162.02,1681212000000,47
905,162.0537,162.1,162.1,162.1,162.1,1681212060000,21
363,162.0218,162.02,162.02,162.02,162.02,1681212420000,12
428,162.0342,162.03,162.03,162.03,162.03,1681212480000,12
2311,161.9589,162.02,161.9,162.02,161.9,1681212540000,63
5719,161.8247,161.88,161.89,161.89,161.8,1681212600000,83
1300,161.9484,161.98,161.95,161.98,161.95,1681212780000,36
1538,161.9157,161.9,161.92,161.92,161.9,1681212840000,15
2662,161.8383,161.87,161.8,161.87,161.8,1681213020000,47
1967,161.8318,161.8,161.85,161.85,161.8,1681213080000,57
1903,161.8921,161.9,161.85,161.9,161.85,1681213140000,23
4438,161.8485,161.85,161.85,161.85,161.85,1681213200000,26
365,161.8287,161.85,161.85,161.85,161.85,1681213380000,8
119,161.8483,161.85,161.85,161.85,161.85,1681213440000,3
1305,161.8831,161.9,161.92,161.92,161.9,1681213560000,32
816,161.9295,161.92,161.95,161.95,161.92,1681213620000,17
456,161.8546,161.86,161.85,161.86,161.85,1681213740000,10
1555,161.8866,161.9,161.9,161.9,161.9,1681213800000,46
719,161.9587,161.94,161.99,161.99,161.94,1681213860000,28
411,161.9698,161.97,161.97,161.97,161.97,1681213980000,7
134,161.9681,161.97,161.97,161.97,161.97,1681214040000,8
173,161.9,161.9,161.9,161.9,161.9,1681214340000,16
45544,161.9979,162.1,161.85,162.36,161.76,1681214400000,395
3638,161.921,162.3485,161.9,162.3485,161.57,1681214460000,569
2391,161.7643,161.86,161.9,161.9,161.625,1681214520000,292
3159,161.9091,161.92,161.9,161.92,161.9,1681214700000,84
438,161.9009,161.9,161.9,161.9,161.9,1681214760000,15
714,161.8997,161.9,161.9,161.9,161.9,1681214820000,15
1419,161.8951,161.88,161.9,161.9,161.88,1681214880000,30
4980,161.8551,161.88,161.84,161.88,161.84,1681214940000,130
2479,161.8657,161.86,161.86,161.9,161.8,1681215000000,84
368,161.8553,161.85,161.85,161.85,161.85,1681215060000,23
2338,161.931,161.88,161.88,161.88,161.88,1681215120000,88
1510,161.9011,161.9,161.9,161.9,161.9,1681215240000,38
162,161.9386,161.93,161.93,161.93,161.93,1681215300000,18
1736,161.9835,161.99,161.99,161.99,161.99,1681215360000,17
2190,161.9753,161.99,161.99,161.99,161.99,1681215420000,59
5171,161.9133,161.92,161.89,161.92,161.89,1681215480000,89
2831,161.8902,161.85,161.9,161.9893,161.8,1681215540000,83
706,161.9609,161.99,161.97,161.99,161.97,1681215660000,25
1888,161.9945,161.99,162.01,162.01,161.99,1681215720000,97
6592,161.9467,161.97,161.9,161.98,161.9,1681215840000,103
5853,161.8854,161.8905,161.85,161.92,161.85,1681215900000,53
1087,161.9217,161.97,161.89,161.97,161.89,1681216020000,30
1065,161.9188,161.9498,161.94,161.9498,161.89,1681216080000,25
2533,161.8662,161.9,161.89,161.9,161.84,1681216140000,68
5392,161.8692,161.8,161.95,161.95,161.8,1681216200000,124
2583,161.9399,161.8844,161.989,161.989,161.8844,1681216260000,21
1741,161.8816,161.99,161.8201,161.99,161.8201,1681216320000,30
1252,161.8744,161.87,161.87,161.87,161.87,1681216380000,19
3610,161.8586,161.89,161.83,161.89,161.83,1681216440000,71
4482,161.8078,161.77,161.84,161.84,161.76,1681216500000,141
15931,161.8029,161.8,161.8,161.82,161.7611,1681216560000,193
3684,161.8495,161.85,161.87,161.87,161.8119,1681216620000,80
1667,161.8761,161.88,161.86,161.89,161.86,1681216680000,39
1554,161.832,161.8396,161.84,161.84,161.8396,1681216740000,56
4018,161.8661,161.86,161.9,161.9,161.81,1681216800000,58
850,161.8932,161.9,161.9,161.9,161.9,1681216860000,35
3809,161.9437,161.94,161.91,161.99,161.91,1681216920000,97
2162,161.9557,161.97,161.96,161.98,161.91,1681216980000,35
6807,161.9265,161.95,161.92,161.95,161.92,1681217040000,54
3283,161.9014,161.91,161.89,161.92,161.89,1681217100000,85
1868,161.9086,161.89,161.891,161.93,161.89,1681217160000,41
326,161.9136,161.891,161.891,161.891,161.891,1681217220000,13
2742,161.9104,161.89,161.89,161.89,161.89,1681217280000,90
772,161.8803,161.88,161.88,161.88,161.88,1681217340000,27
1215,161.8887,161.85,161.85,161.85,161.85,1681217400000,40
2990,161.9267,161.9,161.88,161.97,161.88,1681217460000,86
1526,161.9773,161.97,161.99,162,161.97,1681217520000,46
1776,161.9941,162,162,162,162,1681217580000,79
2983,161.9265,161.97,161.9,161.97,161.9,1681217640000,75
909,161.9169,161.89,161.9648,161.9663,161.89,1681217700000,23
1905,161.8878,161.88,161.89,161.89,161.88,1681217760000,65
1690,161.8552,161.86,161.84,161.86,161.84,1681217880000,66
6461,161.8041,161.82,161.8,161.82,161.8,1681217940000,71
1000,161.8006,161.8,161.8,161.8,161.8,1681218000000,34
6961,161.8215,161.84,161.76,161.84,161.76,1681218120000,92
2701,161.7526,161.75,161.76,161.76,161.74,1681218180000,83
331,161.764,161.75,161.75,161.75,161.75,1681218240000,31
898,161.7627,161.76,161.75,161.76,161.75,1681218300000,30
1887,161.7396,161.72,161.76,161.76,161.72,1681218360000,53
2918,161.7777,161.76,161.77,161.8568,161.76,1681218420000,64
1239,161.8336,161.8045,161.8045,161.8045,161.8045,1681218480000,52
920,161.8939,161.9,161.9,161.9,161.9,1681218540000,37
2000,161.9355,161.93,161.97,161.97,161.9202,1681218660000,56
688,161.9537,161.95,161.95,161.96,161.95,1681218720000,35
6046,161.9941,161.97,162,162,161.97,1681218780000,142
8013,161.9857,162,162,162,161.97,1681218840000,69
5719,162.0607,162.08,162.1,162.1,162.04,1681218900000,190
10558,162.1366,162.1,162.0961,162.24,162.0961,1681218960000,146
5192,162.1456,162.1788,162.15,162.19,162.07,1681219020000,106
3289,162.1283,162.0725,162.14,162.2,162.0725,1681219080000,38
5901,162.1722,162.16,162.18,162.2,162.15,1681219200000,88
1795,162.1728,162.16,162.18,162.1882,162.16,1681219260000,42
3461,162.1552,162.16,162.14,162.16,162.14,1681219320000,55
1716,162.1746,162.17,162.17,162.2,162.17,1681219380000,43
4737,162.2156,162.17,162.24,162.24,162.17,1681219440000,77
32992,162.0035,162.09,161.95,162.21,161.8,1681219500000,245
12675,162.0143,161.99,161.9,162.0783,161.9,1681219560000,121
12307,162.0357,161.9,162,162.28,161.9,1681219620000,184
1856,162.1221,162.06,162.2,162.2,162.02,1681219680000,63
7198,162.2896,162.25,162.35,162.35,162.2,1681219740000,119
1023223,162.1905,162.35,161.995,162.36,161.96,1681219800000,6836
225884,161.883,161.99,161.84,162.03,161.7798,1681219860000,2612
209219,161.8342,161.83,161.775,161.92,161.75,1681219920000,2219
215151,161.9831,161.775,162.0002,162.12,161.775,1681219980000,2037
170589,162.0399,162,162.05,162.0922,161.98,1681220040000,1532
182522,162.0506,162.05,161.9781,162.11,161.97,1681220100000,1980
119959,162.0125,161.98,161.92,162.0712,161.92,1681220160000,1483
176641,161.8242,161.9305,161.7265,161.95,161.655,1681220220000,2091
156991,161.722,161.7199,161.71,161.7901,161.64,1681220280000,1655
239324,161.5821,161.707,161.64,161.71,161.47,1681220340000,2420
182699,161.6537,161.64,161.58,161.73,161.57,1681220400000,1917
189561,161.5018,161.5892,161.5,161.6,161.43,1681220460000,1907
224465,161.4237,161.5,161.38,161.5,161.315,1681220520000,2304
156053,161.3808,161.38,161.4261,161.43,161.31,1681220580000,1572
207122,161.4666,161.43,161.49,161.54,161.3601,1681220640000,1912
216141,161.5555,161.5,161.55,161.61,161.48,1681220700000,1947
145802,161.4434,161.5484,161.3895,161.55,161.35,1681220760000,2313
139456,161.4084,161.39,161.4399,161.4633,161.34,1681220820000,3395
173797,161.4026,161.4399,161.375,161.465,161.3599,1681220880000,3735
277546,161.2664,161.38,161.305,161.4,161.18,1681220940000,4840
182330,161.3654,161.29,161.275,161.43,161.27,1681221000000,3975
158332,161.3231,161.265,161.35,161.41,161.22,1681221060000,3647
118442,161.3595,161.37,161.315,161.4,161.3,1681221120000,3463
148013,161.2636,161.32,161.25,161.37,161.1691,1681221180000,3683
241975,161.1483,161.25,161.17,161.25,161.08,1681221240000,4246
206215,161.2731,161.17,161.28,161.34,161.165,1681221300000,3748
148567,161.2307,161.285,161.22,161.31,161.15,1681221360000,3462
115691,161.2354,161.215,161.26,161.29,161.17,1681221420000,3007
131353,161.3238,161.26,161.34,161.37,161.2501,1681221480000,3035
138121,161.2328,161.3381,161.23,161.3381,161.1501,1681221540000,3279
120753,161.2494,161.225,161.325,161.325,161.19,1681221600000,3326
156144,161.2939,161.32,161.26,161.37,161.19,1681221660000,3535
128882,161.2751,161.25,161.225,161.36,161.19,1681221720000,3623
81320,161.2863,161.23,161.335,161.36,161.2,1681221780000,2915
134891,161.3077,161.34,161.215,161.38,161.215,1681221840000,3353
498554,161.016,161.22,160.9377,161.22,160.89,1681221900000,6913
184067,160.9653,160.935,160.9916,161.03,160.9,1681221960000,3952
129345,160.9462,160.9982,160.965,161.045,160.8401,1681222020000,3546
133150,160.9185,160.9693,160.8999,161,160.84,1681222080000,3351
75927,160.9424,160.91,160.97,160.99,160.895,1681222140000,3071
130703,160.973,160.9616,160.8901,161.0385,160.89,1681222200000,3438
94672,160.9353,160.89,160.945,160.9968,160.86,1681222260000,3180
154081,160.9098,160.9483,160.83,160.99,160.83,1681222320000,3546
154164,160.8123,160.825,160.8201,160.86,160.77,1681222380000,3547
136355,160.8173,160.83,160.7301,160.8999,160.73,1681222440000,3614
157207,160.7451,160.74,160.71,160.8,160.665,1681222500000,3806
111964,160.7376,160.7099,160.7064,160.78,160.675,1681222560000,3268
187823,160.6179,160.71,160.59,160.73,160.56,1681222620000,4043
168621,160.6243,160.595,160.58,160.67,160.565,1681222680000,3700
80539,160.6601,160.5792,160.665,160.7146,160.575,1681222740000,1447
154219,160.7507,160.67,160.7943,160.82,160.67,1681222800000,1484
165593,160.8133,160.79,160.83,160.87,160.73,1681222860000,1756
124996,160.8187,160.83,160.86,160.88,160.76,1681222920000,1326
144695,160.8856,160.865,160.87,160.925,160.85,1681222980000,1381
537674,160.8788,160.8691,160.95,160.95,160.8631,1681223040000,1254
163625,160.9656,160.95,160.98,161,160.93,1681223100000,1649
199401,160.9969,160.985,160.98,161.04,160.96,1681223160000,1850
148560,161.0638,160.98,161.08,161.115,160.975,1681223220000,1544
121416,161.0574,161.08,161.08,161.085,161.03,1681223280000,1221
126454,161.1044,161.075,161.15,161.15,161.05,1681223340000,1308
212382,161.1175,161.16,161.03,161.2,161.01,1681223400000,1987
121151,161.0141,161.0325,161.0109,161.045,160.98,1681223460000,1327
162741,160.9395,161.015,160.95,161.04,160.89,1681223520000,1480
108158,160.9795,160.9499,160.96,161.03,160.9172,1681223580000,1007
127470,160.8917,160.95,160.8532,160.9996,160.85,1681223640000,1133
148391,160.8047,160.86,160.785,160.87,160.745,1681223700000,1481
102720,160.7945,160.78,160.75,160.84,160.73,1681223760000,1122
85098,160.7742,160.73,160.8199,160.8199,160.73,1681223820000,1021
95824,160.8562,160.805,160.8509,160.915,160.7919,1681223880000,1128
78717,160.8031,160.86,160.75,160.8711,160.745,1681223940000,1011
138412,160.7485,160.75,160.775,160.81,160.7,1681224000000,1324
96507,160.8038,160.77,160.82,160.85,160.73,1681224060000,1176
178428,160.7006,160.8,160.655,160.83,160.64,1681224120000,1901
114951,160.6601,160.66,160.685,160.71,160.6,1681224180000,1209
99157,160.6393,160.68,160.61,160.6971,160.591,1681224240000,1154
109820,160.664,160.62,160.7685,160.77,160.59,1681224300000,1189
115333,160.6954,160.76,160.6518,160.768,160.64,1681224360000,1419
82496,160.6821,160.65,160.705,160.73,160.63,1681224420000,1028
119203,160.7988,160.705,160.848,160.86,160.7,1681224480000,1315
115570,160.923,160.85,160.955,160.9788,160.84,1681224540000,1314
126696,160.9861,160.96,161.05,161.0599,160.9306,1681224600000,1431
155688,160.9611,161.05,160.945,161.05,160.9101,1681224660000,1262
94926,160.9072,160.95,160.88,160.96,160.86,1681224720000,1047
109121,160.8599,160.88,160.88,160.94,160.81,1681224780000,1053
79450,160.8461,160.88,160.785,160.9279,160.7807,1681224840000,956
70575,160.7809,160.79,160.825,160.83,160.73,1681224900000,918
77854,160.7907,160.8141,160.75,160.8301,160.73,1681224960000,863
93291,160.7436,160.76,160.73,160.8,160.7,1681225020000,968
91379,160.6913,160.725,160.705,160.74,160.62,1681225080000,1030
71064,160.6955,160.7,160.73,160.75,160.65,1681225140000,1004
88761,160.7402,160.735,160.7217,160.77,160.71,1681225200000,1083
76497,160.6835,160.73,160.66,160.77,160.63,1681225260000,970
87227,160.7375,160.67,160.73,160.79,160.67,1681225320000,1061
79459,160.6951,160.72,160.7482,160.7482,160.65,1681225380000,1072
70012,160.7809,160.745,160.7616,160.82,160.745,1681225440000,927
102155,160.8759,160.7786,160.9112,160.92,160.7699,1681225500000,1039
171335,160.871,160.9114,160.825,160.93,160.8,1681225560000,1668
110156,160.7596,160.8236,160.71,160.839,160.69,1681225620000,1266
93322,160.7219,160.715,160.738,160.77,160.69,1681225680000,995
130996,160.6992,160.74,160.715,160.755,160.62,1681225740000,1191
78216,160.7959,160.72,160.7801,160.85,160.72,1681225800000,951
80765,160.7659,160.775,160.79,160.8499,160.7,1681225860000,1121
86445,160.813,160.79,160.88,160.88,160.74,1681225920000,972
88476,160.8901,160.88,160.89,160.925,160.86,1681225980000,998
73683,160.8938,160.9,160.878,160.93,160.86,1681226040000,954
63511,160.9049,160.89,160.89,160.94,160.86,1681226100000,833
62830,160.9059,160.885,160.9399,160.945,160.87,1681226160000,794
103346,160.9708,160.94,160.985,161.03,160.92,1681226220000,1171
49514,160.9942,160.98,160.975,161.0199,160.9701,1681226280000,719
110366,161.0527,160.9727,161.0799,161.12,160.97,1681226340000,1153
68323,161.0872,161.08,161.078,161.12,161.05,1681226400000,908
52615,161.0542,161.07,161.07,161.08,161.03,1681226460000,678
57689,161.0668,161.075,161.0629,161.0982,161.03,1681226520000,802
60204,161.0789,161.07,161.085,161.1,161.06,1681226580000,758
75753,161.0662,161.09,161.025,161.11,161.02,1681226640000,761
77181,161.0095,161.03,160.9757,161.0481,160.97,1681226700000,1036
119698,160.9403,160.97,160.8899,160.9899,160.88,1681226760000,1327
67460,160.9156,160.89,160.89,160.9399,160.89,1681226820000,797
70950,160.9277,160.8999,160.97,160.98,160.87,1681226880000,810
93612,160.9543,160.9624,160.9099,161,160.8999,1681226940000,880
72527,160.9097,160.9,160.95,160.9717,160.85,1681227000000,842
55697,160.9271,160.9487,160.925,160.9499,160.8907,1681227060000,633
50621,160.9391,160.9258,160.9524,160.96,160.92,1681227120000,600
61958,160.9554,160.95,160.9,161,160.9,1681227180000,842
103497,160.8816,160.8886,160.8711,160.91,160.85,1681227240000,1120
103354,160.8171,160.87,160.7515,160.87,160.75,1681227300000,1152
101391,160.6742,160.75,160.648,160.7518,160.63,1681227360000,1169
65354,160.6433,160.6486,160.64,160.6699,160.62,1681227420000,808
93661,160.62,160.6409,160.611,160.65,160.59,1681227480000,1072
133237,160.6939,160.61,160.7801,160.7909,160.6015,1681227540000,1015
108515,160.7879,160.78,160.7604,160.8,160.74,1681227600000,1001
85556,160.7712,160.76,160.745,160.8134,160.73,1681227660000,953
52038,160.7949,160.7499,160.7654,160.82,160.7499,1681227720000,688
47867,160.7196,160.7601,160.6872,160.765,160.68,1681227780000,697
50248,160.67,160.68,160.66,160.705,160.65,1681227840000,686
111133,160.5833,160.655,160.5247,160.6615,160.51,1681227900000,1244
85408,160.5359,160.53,160.5302,160.5599,160.51,1681227960000,925
70085,160.589,160.535,160.63,160.64,160.5301,1681228020000,925
88141,160.7084,160.64,160.7512,160.76,160.631,1681228080000,1059
58014,160.7803,160.76,160.78,160.81,160.7501,1681228140000,750
55086,160.7884,160.79,160.8084,160.82,160.75,1681228200000,704
71098,160.756,160.8,160.7401,160.815,160.71,1681228260000,863
41417,160.7694,160.74,160.75,160.8,160.74,1681228320000,584
68652,160.8049,160.76,160.8438,160.87,160.74,1681228380000,771
59094,160.8702,160.84,160.855,160.9,160.84,1681228440000,730
54530,160.8514,160.86,160.81,160.89,160.81,1681228500000,752
60078,160.7785,160.8016,160.805,160.8131,160.735,1681228560000,708
70103,160.8451,160.805,160.9199,160.9199,160.79,1681228620000,727
53429,160.8879,160.91,160.89,160.93,160.84,1681228680000,666
80690,160.9571,160.89,160.975,160.99,160.89,1681228740000,868
110654,161.0039,160.979,161.0188,161.03,160.975,1681228800000,1067
57873,161.0291,161.015,161.0357,161.06,161,1681228860000,712
64743,161.0438,161.03,161.0701,161.08,161,1681228920000,796
67129,161.0336,161.076,161.03,161.08,160.99,1681228980000,876
83040,160.9914,161.0399,160.975,161.0399,160.94,1681229040000,736
81499,160.9364,160.97,160.94,160.99,160.893,1681229100000,771
74187,160.9598,160.94,160.995,160.995,160.9208,1681229160000,849
92230,160.9807,160.995,161.01,161.0299,160.94,1681229220000,753
72762,161.0458,161.02,161.07,161.0716,161.01,1681229280000,719
70242,161.0556,161.06,161.085,161.11,161,1681229340000,762
81537,161.1322,161.08,161.135,161.16,161.08,1681229400000,788
72389,161.1343,161.14,161.155,161.1677,161.11,1681229460000,674
104969,161.1962,161.165,161.21,161.23,161.16,1681229520000,1022
59978,161.186,161.22,161.17,161.2301,161.15,1681229580000,613
52560,161.1444,161.175,161.165,161.1899,161.1,1681229640000,634
60720,161.1649,161.1609,161.1612,161.2,161.11,1681229700000,754
75497,161.1073,161.16,161.06,161.16,161.05,1681229760000,882
99557,161.0297,161.06,161.01,161.075,160.99,1681229820000,755
68938,160.9755,161.002,160.97,161.01,160.9301,1681229880000,883
61067,160.9723,160.975,160.97,160.99,160.92,1681229940000,707
91440,161.0397,160.98,161.0701,161.08,160.98,1681230000000,888
52521,161.0777,161.0754,161.055,161.11,161.0305,1681230060000,586
51209,161.0695,161.055,161.06,161.1,161.04,1681230120000,575
44202,161.0212,161.055,160.99,161.0699,160.97,1681230180000,565
64674,161.001,161,161.06,161.06,160.95,1681230240000,655
58193,161.0017,161.0501,160.915,161.055,160.91,1681230300000,718
52012,160.9953,160.912,161.045,161.06,160.91,1681230360000,584
74291,161.0779,161.05,161.1,161.11,161.05,1681230420000,665
55921,161.0561,161.1018,161.02,161.1018,161.01,1681230480000,652
54438,161.0687,161.02,161.1199,161.125,161.02,1681230540000,764
79028,161.1827,161.12,161.21,161.24,161.115,1681230600000,821
49404,161.1547,161.21,161.14,161.22,161.105,1681230660000,483
70581,161.1827,161.14,161.18,161.22,161.12,1681230720000,878
39297,161.1712,161.18,161.1543,161.21,161.14,1681230780000,595
64972,161.1106,161.155,161.08,161.1645,161.07,1681230840000,669
90743,161.0163,161.07,161.01,161.07,160.9719,1681230900000,876
138513,160.9343,161.01,160.8517,161.015,160.8517,1681230960000,1411
59303,160.8927,160.86,160.94,160.9499,160.84,1681231020000,724
51792,160.9572,160.94,160.98,160.99,160.93,1681231080000,617
71392,160.9579,160.98,160.99,160.9999,160.925,1681231140000,702
71269,161.0578,161,161.07,161.0999,161,1681231200000,648
64477,161.1041,161.07,161.13,161.14,161.065,1681231260000,586
81696,161.1269,161.13,161.07,161.1568,161.07,1681231320000,785
69346,161.1482,161.06,161.1719,161.2,161.06,1681231380000,772
54907,161.1665,161.175,161.1888,161.1999,161.14,1681231440000,729
79391,161.1975,161.185,161.2398,161.24,161.155,1681231500000,834
87022,161.2411,161.24,161.235,161.27,161.21,1681231560000,901
88234,161.2583,161.24,161.24,161.31,161.21,1681231620000,839
39810,161.2793,161.2371,161.29,161.3,161.2371,1681231680000,481
117933,161.3162,161.2983,161.31,161.34,161.28,1681231740000,1062
59503,161.2928,161.305,161.31,161.315,161.27,1681231800000,634
137168,161.3467,161.31,161.355,161.385,161.3,1681231860000,992
113445,161.4129,161.35,161.445,161.47,161.34,1681231920000,1054
103484,161.4567,161.46,161.4885,161.49,161.43,1681231980000,883
170607,161.4953,161.4893,161.49,161.52,161.48,1681232040000,1267
99075,161.4342,161.4978,161.3901,161.505,161.375,1681232100000,957
73024,161.3625,161.39,161.34,161.4,161.3299,1681232160000,823
48053,161.3555,161.3401,161.3693,161.39,161.33,1681232220000,631
45862,161.3648,161.365,161.3881,161.39,161.34,1681232280000,604
45688,161.3759,161.39,161.3768,161.42,161.34,1681232340000,608
64193,161.4082,161.38,161.4501,161.46,161.38,1681232400000,705
73583,161.4263,161.46,161.45,161.48,161.381,1681232460000,886
61080,161.4164,161.455,161.36,161.465,161.36,1681232520000,726
85190,161.3152,161.35,161.27,161.36,161.26,1681232580000,831
71112,161.2757,161.275,161.29,161.32,161.24,1681232640000,773
56716,161.3437,161.2906,161.3113,161.39,161.2901,1681232700000,702
49597,161.3131,161.32,161.31,161.34,161.2805,1681232760000,551
29866,161.2992,161.31,161.345,161.35,161.2601,1681232820000,473
51565,161.3319,161.3427,161.37,161.38,161.285,1681232880000,653
49382,161.3204,161.37,161.2899,161.37,161.2899,1681232940000,600
45894,161.2658,161.28,161.26,161.29,161.245,1681233000000,632
53169,161.2174,161.26,161.21,161.27,161.19,1681233060000,705
45977,161.2305,161.205,161.2401,161.25,161.205,1681233120000,574
49586,161.2437,161.2469,161.24,161.26,161.22,1681233180000,586
103471,161.1603,161.235,161.14,161.24,161.119,1681233240000,975
53993,161.1498,161.1408,161.11,161.175,161.11,1681233300000,628
70412,161.1009,161.11,161.1292,161.13,161.07,1681233360000,710
75924,161.1756,161.12,161.17,161.2299,161.12,1681233420000,758
52614,161.1224,161.16,161.0979,161.16,161.0901,1681233480000,555
46062,161.1655,161.1,161.2199,161.2199,161.0921,1681233540000,602
54051,161.2293,161.2199,161.248,161.27,161.2,1681233600000,673
58131,161.2328,161.245,161.28,161.28,161.2,1681233660000,567
74116,161.2695,161.2701,161.2401,161.3,161.23,1681233720000,643
32454,161.2619,161.245,161.275,161.29,161.2301,1681233780000,419
75037,161.2948,161.274,161.3,161.33,161.26,1681233840000,746
40050,161.2906,161.295,161.32,161.32,161.255,1681233900000,595
43672,161.31,161.31,161.3473,161.3473,161.29,1681233960000,569
82610,161.3587,161.35,161.35,161.3768,161.34,1681234020000,659
59104,161.3801,161.355,161.415,161.42,161.35,1681234080000,644
67733,161.4233,161.429,161.4117,161.455,161.4001,1681234140000,610
97240,161.4845,161.4156,161.5113,161.55,161.4156,1681234200000,1158
69674,161.502,161.52,161.5201,161.54,161.45,1681234260000,693
38006,161.4908,161.5202,161.46,161.525,161.46,1681234320000,522
53444,161.4201,161.455,161.4001,161.47,161.37,1681234380000,718
37230,161.3931,161.395,161.365,161.42,161.3601,1681234440000,408
46532,161.3343,161.3677,161.325,161.3699,161.31,1681234500000,480
40371,161.3657,161.325,161.4,161.42,161.325,1681234560000,600
38514,161.4014,161.4005,161.38,161.43,161.38,1681234620000,459
42289,161.3503,161.38,161.34,161.3899,161.33,1681234680000,486
36100,161.3723,161.3431,161.4,161.41,161.34,1681234740000,518
50928,161.402,161.39,161.39,161.43,161.38,1681234800000,563
45181,161.409,161.39,161.43,161.44,161.38,1681234860000,526
79499,161.445,161.425,161.485,161.485,161.405,1681234920000,883
51454,161.4562,161.48,161.44,161.5,161.44,1681234980000,604
61428,161.4647,161.44,161.4602,161.49,161.44,1681235040000,751
86456,161.4982,161.475,161.53,161.53,161.46,1681235100000,753
67801,161.5103,161.53,161.5,161.54,161.48,1681235160000,812
53463,161.5458,161.51,161.565,161.57,161.51,1681235220000,664
76605,161.6011,161.57,161.6114,161.63,161.56,1681235280000,846
59270,161.6054,161.615,161.5899,161.63,161.58,1681235340000,748
68845,161.5825,161.58,161.585,161.62,161.5554,1681235400000,790
42702,161.6068,161.59,161.615,161.63,161.58,1681235460000,688
81997,161.6297,161.62,161.6131,161.65,161.61,1681235520000,803
66407,161.5955,161.61,161.5814,161.62,161.57,1681235580000,675
76387,161.6202,161.5801,161.62,161.65,161.5801,1681235640000,841
48242,161.6038,161.63,161.6,161.635,161.59,1681235700000,548
62661,161.587,161.61,161.63,161.655,161.59,1681235760000,631
48543,161.6037,161.64,161.59,161.65,161.57,1681235820000,614
196876,161.6956,161.59,161.765,161.79,161.59,1681235880000,1583
100861,161.7772,161.77,161.78,161.81,161.75,1681235940000,1099
98936,161.7859,161.785,161.785,161.83,161.75,1681236000000,993
49726,161.7497,161.785,161.7306,161.7957,161.7201,1681236060000,585
74229,161.76,161.7399,161.75,161.79,161.7399,1681236120000,843
56390,161.7032,161.7415,161.68,161.765,161.675,1681236180000,686
161050,161.624,161.68,161.62,161.7,161.58,1681236240000,1400
68363,161.6006,161.625,161.599,161.625,161.58,1681236300000,577
93134,161.6198,161.605,161.67,161.67,161.58,1681236360000,742
88187,161.7025,161.67,161.71,161.73,161.66,1681236420000,708
71500,161.6862,161.705,161.6903,161.71,161.66,1681236480000,572
55632,161.6762,161.695,161.68,161.7,161.65,1681236540000,549
47579,161.6251,161.68,161.58,161.68,161.58,1681236600000,517
47941,161.6017,161.585,161.5942,161.63,161.57,1681236660000,575
43374,161.6235,161.595,161.625,161.65,161.59,1681236720000,517
55930,161.6209,161.625,161.6,161.645,161.59,1681236780000,606
52706,161.5694,161.605,161.5678,161.605,161.55,1681236840000,608
91691,161.5503,161.565,161.605,161.6199,161.5,1681236900000,1024
68973,161.624,161.6007,161.64,161.655,161.58,1681236960000,695
49208,161.6554,161.64,161.64,161.67,161.635,1681237020000,554
49479,161.6607,161.65,161.685,161.69,161.6301,1681237080000,514
67218,161.7115,161.69,161.71,161.75,161.69,1681237140000,752
78233,161.7311,161.7001,161.75,161.77,161.6801,1681237200000,853
90138,161.7208,161.755,161.695,161.77,161.69,1681237260000,748
45263,161.7267,161.7,161.7367,161.75,161.6919,1681237320000,630
61441,161.6942,161.735,161.6642,161.74,161.66,1681237380000,592
51645,161.6584,161.665,161.6699,161.68,161.63,1681237440000,593
429647,161.6981,161.665,161.67,161.685,161.65,1681237500000,834
67205,161.6494,161.675,161.65,161.68,161.6279,1681237560000,713
45385,161.6643,161.635,161.69,161.69,161.63,1681237620000,599
65682,161.6911,161.6885,161.695,161.7,161.665,1681237680000,725
48505,161.7055,161.6934,161.7107,161.725,161.69,1681237740000,556
105136,161.7606,161.71,161.8,161.8001,161.71,1681237800000,1010
59612,161.7837,161.8,161.765,161.81,161.76,1681237860000,661
77666,161.7558,161.77,161.7158,161.79,161.71,1681237920000,772
60519,161.6947,161.715,161.72,161.72,161.665,1681237980000,825
35225,161.6942,161.725,161.705,161.725,161.6601,1681238040000,603
44628,161.6957,161.71,161.7,161.72,161.675,1681238100000,604
39195,161.6698,161.7,161.635,161.705,161.63,1681238160000,573
42816,161.642,161.635,161.645,161.66,161.62,1681238220000,633
36160,161.6526,161.6434,161.655,161.675,161.63,1681238280000,594
36427,161.6725,161.66,161.6729,161.685,161.66,1681238340000,650
53162,161.6896,161.68,161.6815,161.71,161.67,1681238400000,761
49124,161.696,161.69,161.7001,161.71,161.675,1681238460000,652
37912,161.7071,161.7066,161.6815,161.73,161.6815,1681238520000,675
65435,161.6795,161.6887,161.665,161.71,161.65,1681238580000,1054
46481,161.6373,161.6699,161.6101,161.6699,161.61,1681238640000,670
59489,161.655,161.6101,161.67,161.68,161.6101,1681238700000,731
39951,161.6568,161.66,161.6416,161.6783,161.64,1681238760000,715
45818,161.6572,161.645,161.675,161.68,161.64,1681238820000,689
31558,161.6493,161.675,161.65,161.675,161.6332,1681238880000,457
44343,161.6931,161.655,161.68,161.72,161.655,1681238940000,627
69855,161.6052,161.68,161.5989,161.68,161.57,1681239000000,995
87865,161.5811,161.595,161.58,161.61,161.55,1681239060000,1219
118756,161.5354,161.585,161.5105,161.585,161.4901,1681239120000,1299
49255,161.5516,161.5113,161.575,161.58,161.505,1681239180000,608
59262,161.5751,161.575,161.555,161.63,161.53,1681239240000,709
51604,161.5574,161.56,161.5777,161.58,161.53,1681239300000,605
34891,161.5552,161.575,161.5343,161.59,161.53,1681239360000,496
66147,161.5223,161.5301,161.5675,161.57,161.49,1681239420000,860
50960,161.5725,161.5616,161.585,161.5999,161.5401,1681239480000,520
48550,161.6017,161.5899,161.585,161.62,161.58,1681239540000,572
50499,161.5823,161.595,161.5526,161.6199,161.55,1681239600000,720
60426,161.5094,161.555,161.4781,161.56,161.4722,1681239660000,846
73041,161.468,161.475,161.475,161.49,161.43,1681239720000,805
55384,161.4911,161.48,161.49,161.52,161.46,1681239780000,725
46294,161.5101,161.5,161.5,161.54,161.4901,1681239840000,638
74060,161.479,161.51,161.4624,161.51,161.45,1681239900000,797
62949,161.4261,161.4601,161.4184,161.4699,161.39,1681239960000,808
95195,161.4665,161.415,161.475,161.5,161.385,1681240020000,799
52677,161.4574,161.47,161.425,161.475,161.425,1681240080000,638
74739,161.4562,161.4299,161.4514,161.4882,161.42,1681240140000,840
74075,161.4926,161.455,161.5,161.53,161.4501,1681240200000,802
42479,161.4803,161.51,161.48,161.515,161.457,1681240260000,578
86900,161.53,161.49,161.55,161.59,161.47,1681240320000,938
59003,161.5661,161.56,161.56,161.585,161.55,1681240380000,709
65384,161.5139,161.56,161.505,161.56,161.49,1681240440000,708
86264,161.5084,161.505,161.495,161.53,161.48,1681240500000,930
57866,161.464,161.495,161.47,161.5,161.43,1681240560000,747
38118,161.4721,161.4622,161.4906,161.495,161.445,1681240620000,536
79128,161.5042,161.49,161.51,161.53,161.47,1681240680000,864
45113,161.52,161.52,161.5108,161.5391,161.505,1681240740000,624
45067,161.4975,161.5101,161.505,161.515,161.4818,1681240800000,620
42549,161.504,161.505,161.495,161.52,161.4831,1681240860000,555
90244,161.4987,161.4999,161.465,161.53,161.46,1681240920000,955
144287,161.5076,161.465,161.495,161.535,161.4601,1681240980000,1346
66513,161.4871,161.49,161.4523,161.51,161.45,1681241040000,737
93877,161.4137,161.46,161.3599,161.465,161.35,1681241100000,1019
98290,161.3697,161.35,161.3803,161.399,161.3406,1681241160000,936
95035,161.3284,161.38,161.2816,161.38,161.2783,1681241220000,1103
80935,161.3088,161.285,161.2901,161.34,161.28,1681241280000,912
80655,161.334,161.295,161.33,161.36,161.295,1681241340000,862
88499,161.3394,161.33,161.35,161.37,161.31,1681241400000,1140
95780,161.3401,161.355,161.32,161.385,161.2901,1681241460000,1089
107778,161.2912,161.32,161.305,161.32,161.27,1681241520000,1152
146322,161.3027,161.31,161.267,161.34,161.25,1681241580000,1492
140558,161.2194,161.2667,161.185,161.2667,161.18,1681241640000,1392
149520,161.1657,161.18,161.1799,161.2,161.1317,1681241700000,1224
98089,161.1476,161.17,161.115,161.21,161.105,1681241760000,1095
130814,161.0939,161.115,161.12,161.125,161.0502,1681241820000,1342
258510,161.0168,161.115,160.955,161.115,160.94,1681241880000,1738
167073,160.9354,160.95,160.94,160.96,160.88,1681241940000,1423
79277,160.9027,160.945,160.9,160.945,160.875,1681242000000,1047
240152,160.8974,160.9,160.851,160.95,160.845,1681242060000,2038
222805,160.8081,160.855,160.8263,160.87,160.74,1681242120000,2430
122667,160.8472,160.8291,160.8912,160.9,160.8052,1681242180000,1268
139245,160.8814,160.9,160.88,160.9,160.8515,1681242240000,1299
97061,160.875,160.88,160.84,160.915,160.8207,1681242300000,1187
125585,160.8008,160.8353,160.82,160.8353,160.7503,1681242360000,1255
115683,160.8098,160.82,160.7888,160.83,160.775,1681242420000,1066
108598,160.7882,160.79,160.835,160.85,160.741,1681242480000,1338
200047,160.8358,160.84,160.81,160.87,160.78,1681242540000,1580
245807,160.6955,160.805,160.71,160.81,160.63,1681242600000,2374
214426,160.7099,160.71,160.705,160.762,160.66,1681242660000,2258
136266,160.7214,160.7,160.695,160.77,160.67,1681242720000,1652
164304,160.7258,160.69,160.735,160.78,160.66,1681242780000,1710
270480,160.7747,160.73,160.84,160.85,160.67,1681242840000,2636
354981,160.7099,160.83,160.68,160.84,160.66,1681242900000,3376
336236,160.6584,160.68,160.602,160.71,160.6,1681242960000,3049
351154,160.589,160.605,160.6239,160.63,160.55,1681243020000,3215
400985,160.7048,160.63,160.775,160.775,160.625,1681243080000,3092
1000195,160.7923,160.77,160.8,160.84,160.75,1681243140000,6472
1196686,160.8001,160.79,160.83,160.88,160.77,1681243200000,143
481733,160.8002,160.8,160.82,160.84,160.8,1681243260000,71
1151,160.8239,160.82,160.82,160.84,160.82,1681243320000,47
3111,160.7858,160.82,160.78,160.82,160.78,1681243380000,53
3413,160.7844,160.79,160.78,160.8,160.78,1681243440000,54
1283,160.7547,160.76,160.75,160.76,160.75,1681243500000,35
105861,160.8451,160.71,160.78,160.85,160.71,1681243560000,47
2682,160.7921,160.8,160.79,160.8,160.78,1681243620000,66
232526,160.7999,160.79,160.78,160.8,160.78,1681243680000,27
788,160.7839,160.78,160.78,160.79,160.78,1681243740000,29
1771,160.7888,160.79,160.8,160.8,160.78,1681243800000,33
7888,160.8036,160.79,160.81,160.81,160.79,1681243860000,66
2550,160.8014,160.81,160.8,160.81,160.8,1681243920000,32
39207,160.8003,160.8,160.82,160.82,160.8,1681243980000,45
1237,160.8234,160.81,160.8299,160.83,160.81,1681244040000,25
671,160.8267,160.82,160.83,160.83,160.82,1681244100000,22
342,160.8229,160.83,160.83,160.83,160.83,1681244160000,29
447,160.8228,160.82,160.82,160.82,160.82,1681244220000,25
1265,160.8275,160.82,160.83,160.83,160.82,1681244280000,28
1026,160.8321,160.84,160.83,160.84,160.83,1681244340000,23
1289,160.8329,160.83,160.8205,160.84,160.8205,1681244400000,35
266,160.8217,160.82,160.82,160.82,160.82,1681244460000,17
3338,160.8033,160.83,160.83,160.83,160.83,1681244520000,24
1460,160.8394,160.8394,160.85,160.85,160.8394,1681244580000,37
273,160.8396,160.8479,160.8479,160.8479,160.8479,1681244640000,18
247,160.8206,160.82,160.82,160.82,160.82,1681244700000,13
570,160.8203,160.82,160.82,160.82,160.82,1681244760000,31
1279,160.8301,160.83,160.83,160.83,160.83,1681244820000,32
397,160.8311,160.83,160.83,160.83,160.83,1681244880000,19
5605,160.8303,160.83,160.83,160.83,160.83,1681245120000,27
3614,160.8465,160.84,160.83,160.86,160.83,1681245180000,56
892,160.8329,160.83,160.83,160.83,160.83,1681245300000,28
642,160.8394,160.84,160.85,160.85,160.84,1681245360000,24
12222,160.8003,160.8,160.8,160.8,160.8,1681245420000,13
490,160.8304,160.83,160.83,160.83,160.83,1681245540000,15
632,160.8382,160.84,160.84,160.84,160.84,1681245600000,22
165,160.831,160.83,160.83,160.83,160.83,1681245660000,19
2095,160.8306,160.83,160.83,160.83,160.83,1681245720000,23
1793,160.8502,160.8309,160.86,160.87,160.8309,1681245780000,40
734,160.8319,160.83,160.83,160.83,160.83,1681245960000,25
546,160.839,160.84,160.84,160.84,160.84,1681246020000,28
933,160.8301,160.83,160.83,160.83,160.83,1681246140000,22
2468,160.8293,160.83,160.83,160.83,160.83,1681246200000,39
1170,160.8213,160.82,160.82,160.82,160.82,1681246260000,12
246,160.8238,160.82,160.82,160.82,160.82,1681246320000,11
327,160.8222,160.82,160.82,160.82,160.82,1681246380000,22
682,160.8431,160.85,160.84,160.85,160.84,1681246440000,27
322,160.828,160.83,160.83,160.83,160.83,1681246560000,19
438,160.8262,160.8215,160.8215,160.8215,160.8215,1681246620000,20
1163992,160.8,160.8399,160.82,160.8399,160.82,1681246680000,32
1202,160.8093,160.83,160.8,160.83,160.8,1681246740000,37
295,158.5261,160.81,160.81,160.81,160.81,1681246800000,11
393,160.8096,160.81,160.81,160.81,160.81,1681246860000,20
466,160.8047,160.8,160.8,160.8,160.8,1681246980000,17
381,160.8042,160.8,160.8,160.8,160.8,1681247040000,17
310,160.9729,160.8,160.8,160.8,160.8,1681247100000,9
310,160.8015,160.8,160.8,160.8,160.8,1681247160000,11
313,160.8212,160.827,160.827,160.827,160.827,1681247280000,11
250,160.8083,160.81,160.81,160.81,160.81,1681247400000,17
64207,160.8,160.8,160.8,160.8,160.8,1681247520000,23
556,160.8015,160.8,160.8,160.8,160.8,1681247580000,14
3786,160.8001,160.8,160.8,160.8,160.8,1681247700000,60
144,160.8028,160.8,160.8,160.8,160.8,1681247760000,15
3078,160.7938,160.8,160.8,160.8,160.75,1681247940000,76
324,160.7487,160.73,160.77,160.77,160.73,1681248000000,11
231,160.7502,160.7501,160.7501,160.7501,160.7501,1681248060000,8
599,160.75,160.75,160.75,160.75,160.75,1681248120000,23
124,160.7449,160.7496,160.7496,160.7496,160.7496,1681248180000,8
493,160.7459,160.75,160.75,160.75,160.75,1681248240000,9
282,160.7422,160.75,160.74,160.75,160.74,1681248420000,9
1067,160.7201,160.72,160.72,160.72,160.72,1681248540000,8
402,160.7352,160.75,160.75,160.75,160.75,1681248600000,24
352,160.7278,160.73,160.73,160.73,160.73,1681248660000,23
286,160.7259,160.72,160.72,160.72,160.72,1681248720000,15
1140,160.7146,160.72,160.71,160.72,160.71,1681248780000,58
274,160.7159,160.71,160.71,160.71,160.71,1681248840000,18
729,160.7014,160.7,160.7,160.7,160.7,1681249140000,19
509,160.7199,160.72,160.72,160.72,160.72,1681249200000,6
996,160.7191,160.72,160.72,160.72,160.72,1681249260000,11
572,160.7008,160.7,160.7,160.7,160.7,1681249320000,33
627,160.7019,160.71,160.7,160.71,160.7,1681249380000,15
407,160.6691,160.66,160.66,160.66,160.66,1681249440000,23
180,160.6634,160.66,160.66,160.66,160.66,1681249500000,14
373,160.6638,160.6604,160.6604,160.6604,160.6604,1681249560000,22
1107,160.6517,160.6514,160.65,160.6514,160.65,1681249620000,13
190,160.6708,160.67,160.67,160.67,160.67,1681249680000,15
221,160.6724,160.67,160.67,160.67,160.67,1681249800000,7
959,160.6889,160.69,160.69,160.69,160.69,1681249860000,23
512,160.6751,160.67,160.67,160.67,160.67,1681249920000,19
363,160.6905,160.69,160.69,160.69,160.69,1681249980000,21
183,160.6998,160.7,160.7,160.7,160.7,1681250040000,6
350,160.6849,160.67,160.7,160.7,160.67,1681250100000,16
284,160.6907,160.7,160.68,160.7,160.68,1681250160000,19
671,160.7025,160.69,160.7,160.7,160.69,1681250340000,22
731,160.7483,160.75,160.75,160.75,160.75,1681250460000,9
324,160.7208,160.72,160.72,160.72,160.72,1681250580000,16
665,160.7525,160.75,160.77,160.77,160.75,1681250700000,21
470,160.7512,160.75,160.75,160.75,160.75,1681250820000,21
3142,160.786,160.75,160.86,160.86,160.73,1681251060000,62
606,160.8041,160.8,160.8,160.8,160.8,1681251300000,12
222,160.7609,160.76,160.76,160.76,160.76,1681251600000,10
205,160.8202,160.83,160.83,160.83,160.83,1681251720000,6
2015,160.8332,160.84,160.83,160.84,160.83,1681251900000,21
525,160.7429,160.7411,160.7411,160.7411,160.7411,1681251960000,7
337,160.7538,160.75,160.75,160.75,160.75,1681252080000,32
275,160.7767,160.78,160.78,160.78,160.78,1681252200000,9
1229,160.789,160.79,160.79,160.79,160.79,1681252320000,12
324,160.7612,160.76,160.76,160.76,160.76,1681252380000,10
215,160.7713,160.77,160.77,160.77,160.77,1681252560000,9
2017,160.8584,160.84,160.8,160.88,160.8,1681252620000,33
487,160.8198,160.82,160.82,160.82,160.82,1681253100000,17
203,160.7932,160.8,160.8,160.8,160.8,1681253160000,12
232,160.8089,160.82,160.82,160.82,160.82,1681253340000,7
288,160.7973,160.8,160.8,160.8,160.8,1681253460000,10
265,160.7603,160.76,160.76,160.76,160.76,1681253760000,8
1033,160.8013,160.78,160.8558,160.8558,160.78,1681253940000,17
589,160.851,160.86,160.85,160.87,160.85,1681254060000,20
115,160.8093,160.81,160.81,160.81,160.81,1681254120000,9
705,160.7826,160.78,160.78,160.78,160.78,1681254240000,7
569,160.844,160.85,160.78,160.87,160.78,1681254300000,22
117,160.8028,160.8,160.8,160.8,160.8,1681254480000,8
469,160.8239,160.81,160.81,160.81,160.81,1681254600000,15
700,160.8298,160.81,160.87,160.87,160.81,1681254720000,9
269,160.8455,160.85,160.85,160.85,160.85,1681254840000,10
319,160.8407,160.84,160.84,160.84,160.84,1681254960000,10
211,160.8745,160.88,160.88,160.88,160.88,1681255020000,7
276,160.8753,160.88,160.88,160.88,160.88,1681255080000,6
337,160.8416,160.84,160.84,160.84,160.84,1681255200000,15
618,160.8578,160.86,160.85,160.86,160.85,1681255560000,9
1027,160.8623,160.85,160.87,160.87,160.85,1681255620000,10
947,160.8731,160.87,160.88,160.88,160.87,1681255680000,20
479,160.894,160.9,160.9,160.9,160.9,1681255860000,17
501,160.8863,160.89,160.89,160.89,160.89,1681256040000,11
486,160.8759,160.85,160.9,160.9,160.85,1681256160000,15
1506,160.9106,160.89,160.92,160.92,160.89,1681256220000,23
1509,160.9095,160.92,160.85,160.92,160.85,1681256280000,26
471,160.9367,160.94,160.94,160.94,160.94,1681256340000,13
3512,160.9641,160.95,161,161,160.84,1681256400000,58
129,160.9347,160.94,160.94,160.94,160.94,1681256460000,11
1031,160.9791,161,161,161,160.94,1681256520000,26
566,160.9826,161,160.91,161,160.91,1681256640000,15
454,160.9681,160.95,160.99,160.99,160.95,1681256940000,17
123,160.952,160.95,160.95,160.95,160.95,1681257000000,6
640,160.9273,160.92,160.92,160.92,160.92,1681257180000,13
759,160.9518,160.95,160.99,160.99,160.95,1681257300000,14
316,160.9244,160.95,160.95,160.95,160.95,1681257360000,4
1246,160.9502,160.98,160.93,160.98,160.93,1681257420000,4
2010,160.955,160.93,160.98,160.98,160.93,1681257480000,23
2308,160.9937,161,161,161,160.98,1681257540000,53
