timestamp,open,high,low,close
1673395200000,3920.525,3921.256,3920.275,3921.256
1673395260000,3921.518,3921.566,3920.771,3921.003
1673395320000,3920.756,3921.316,3920.756,3921.145
1673395380000,3921.018,3922.508,3921.018,3921.518
1673395440000,3921.762,3922.806,3921.762,3922.496
1673395500000,3922.806,3923.618,3922.625,3923.233
1673395560000,3923.056,3923.736,3923.056,3923.248
1673395620000,3923.495,3923.748,3923.48,3923.745
1673395680000,3923.622,3923.748,3923.296,3923.748
1673395740000,3923.616,3923.676,3923.242,3923.242
1673395800000,3923.492,3923.492,3923.233,3923.242
1673395860000,3923.372,3923.495,3922.749,3922.749
1673395920000,3923.008,3923.501,3923.008,3923.261
1673395980000,3923.546,3923.546,3923.546,3923.546
1673396040000,3923.742,3924.242,3923.742,3924.046
1673396100000,3924.242,3924.82,3924.233,3924.82
1673396160000,3924.703,3925.085,3924.7,3925.07
1673396220000,3924.838,3924.851,3924.342,3924.342
1673396280000,3924.225,3924.396,3923.851,3924.095
1673396340000,3923.833,3924.08,3922.84,3922.852
1673396400000,3923.096,3923.34,3923.096,3923.099
1673396460000,3922.858,3923.352,3922.612,3923.156
1673396520000,3922.849,3922.865,3922.615,3922.615
1673396580000,3922.72,3923.099,3922.621,3922.916
1673396640000,3922.606,3923.09,3922.606,3923.09
1673396700000,3922.853,3922.853,3922.609,3922.609
1673396760000,3922.356,3922.618,3922.35,3922.35
1673396820000,3922.615,3922.615,3922.109,3922.109
1673396880000,3921.875,3922.353,3921.86,3921.926
1673396940000,3922.11,3922.375,3921.86,3922.375
1673397000000,3922.619,3922.916,3922.365,3922.916
1673397060000,3923.103,3923.656,3922.856,3923.121
1673397120000,3923.349,3923.852,3923.109,3923.34
1673397180000,3923.536,3923.593,3922.612,3922.615
1673397240000,3922.362,3922.362,3921.873,3922.122
1673397300000,3922.35,3922.35,3921.86,3921.86
1673397360000,3921.739,3922.131,3921.381,3922.131
1673397420000,3922.249,3922.676,3922.249,3922.613
1673397480000,3922.372,3922.628,3922.363,3922.625
1673397540000,3922.872,3923.176,3922.859,3922.859
1673397600000,3923.103,3923.121,3922.856,3923.118
1673397660000,3923.286,3923.609,3922.619,3922.619
1673397720000,3922.366,3922.366,3921.373,3921.635
1673397780000,3921.515,3922.141,3921.515,3921.879
1673397840000,3922.141,3922.631,3921.876,3922.631
1673397900000,3922.369,3922.866,3922.366,3922.379
1673397960000,3922.246,3922.878,3922.246,3922.878
1673398020000,3922.806,3922.869,3922.37,3922.625
1673398080000,3922.863,3922.878,3922.382,3922.499
1673398140000,3922.379,3922.379,3921.87,3921.891
1673398200000,3922.021,3922.61,3922.021,3922.61
1673398260000,3922.881,3923.116,3922.869,3923.113
1673398320000,3923.381,3923.381,3922.863,3922.881
1673398380000,3922.999,3923.138,3922.863,3923.131
1673398440000,3922.926,3923.375,3922.86,3922.878
1673398500000,3923.005,3923.176,3922.632,3923.002
1673398560000,3923.119,3923.486,3922.86,3923.375
1673398620000,3923.625,3924.115,3923.625,3924.115
1673398680000,3923.872,3924.103,3923.622,3923.853
1673398740000,3924.112,3924.118,3923.615,3924.106
1673398800000,3924.248,3924.248,3923.426,3923.426
1673398860000,3923.493,3924.131,3923.493,3923.618
1673398920000,3923.916,3923.916,3923.11,3923.426
1673398980000,3923.251,3923.366,3922.755,3922.872
1673399040000,3922.746,3922.881,3922.366,3922.388
1673399100000,3922.129,3922.166,3921.119,3921.426
1673399160000,3921.483,3921.628,3921.11,3921.375
1673399220000,3921.116,3921.495,3921.116,3921.36
1673399280000,3921.483,3922.122,3921.483,3922.011
1673399340000,3922.122,3922.366,3921.632,3921.881
1673399400000,3922.011,3922.122,3921.638,3921.638
1673399460000,3921.376,3921.629,3921.123,3921.629
1673399520000,3921.436,3921.622,3921.113,3921.36
1673399580000,3921.186,3921.246,3920.626,3920.888
1673399640000,3921.005,3921.138,3920.888,3921.008
1673399700000,3921.132,3921.616,3920.87,3921.616
1673399760000,3921.806,3921.866,3921.36,3921.511
1673399820000,3921.378,3921.676,3921.123,3921.382
1673399880000,3921.36,3921.631,3921.126,3921.135
1673399940000,3921.385,3921.385,3921.12,3921.141
1673400000000,3920.888,3921.129,3919.886,3920.196
1673400060000,3920.265,3920.265,3919.386,3919.398
1673400120000,3919.456,3919.899,3919.38,3919.899
1673400180000,3919.901,3919.901,3919.401,3919.531
1673400240000,3919.651,3919.696,3919.152,3919.63
1673400300000,3919.402,3919.946,3919.402,3919.901
1673400360000,3919.645,3920.148,3919.39,3919.946
1673400420000,3919.896,3920.161,3919.791,3919.909
1673400480000,3919.653,3920.282,3919.653,3920.149
1673400540000,3920.02,3920.161,3919.903,3920.146
1673400600000,3920.272,3920.456,3919.649,3919.661
1673400660000,3919.956,3920.155,3919.165,3919.165
1673400720000,3918.909,3919.418,3918.659,3919.15
1673400780000,3918.906,3919.883,3918.906,3919.883
1673400840000,3919.766,3920.148,3919.649,3919.883
1673400900000,3920.028,3920.392,3919.88,3920.155
1673400960000,3919.89,3919.956,3919.409,3919.956
1673401020000,3920.145,3920.145,3919.406,3919.661
1673401080000,3919.523,3919.706,3919.412,3919.412
1673401140000,3919.171,3919.671,3919.156,3919.399
1673401200000,3919.206,3919.431,3918.9,3919.431
1673401260000,3919.596,3919.966,3919.413,3919.653
1673401320000,3919.789,3920.406,3919.656,3920.168
1673401380000,3919.9,3920.181,3919.9,3919.916
1673401440000,3920.166,3920.671,3920.166,3920.65
1673401500000,3920.533,3920.716,3920.4,3920.41
1673401560000,3920.671,3920.671,3920.181,3920.416
1673401620000,3920.716,3920.716,3919.916,3919.916
1673401680000,3920.163,3920.716,3920.03,3920.671
1673401740000,3920.419,3921.716,3920.419,3921.716
1673401800000,3921.905,3922.399,3921.406,3922.149
1673401860000,3921.899,3922.396,3921.899,3922.15
1673401920000,3922.146,3922.396,3921.89,3921.893
1673401980000,3921.782,3922.418,3921.653,3922.168
1673402040000,3922.288,3922.418,3921.653,3921.656
1673402100000,3921.912,3921.912,3920.9,3921.216
1673402160000,3921.418,3921.421,3921.153,3921.165
1673402220000,3920.921,3921.171,3920.431,3920.476
1673402280000,3920.536,3921.162,3920.476,3921.159
1673402340000,3921.403,3921.466,3921.153,3921.415
1673402400000,3921.539,3921.918,3921.403,3921.659
1673402460000,3921.4,3921.421,3920.913,3921.171
1673402520000,3921.301,3921.9,3921.15,3921.9
1673402580000,3921.773,3922.156,3921.64,3921.773
1673402640000,3921.893,3922.161,3921.466,3921.896
1673402700000,3922.206,3922.396,3921.89,3922.396
1673402760000,3922.26,3922.646,3922.143,3922.646
1673402820000,3922.456,3922.883,3922.399,3922.652
1673402880000,3922.76,3922.901,3922.39,3922.39
1673402940000,3922.146,3922.408,3922.146,3922.408
1673403000000,3922.276,3922.905,3922.14,3922.421
1673403060000,3922.64,3922.649,3922.4,3922.4
1673403120000,3922.27,3922.27,3921.893,3921.902
1673403180000,3922.02,3922.158,3921.656,3921.656
1673403240000,3921.412,3921.671,3921.4,3921.668
1673403300000,3921.726,3921.801,3921.66,3921.726
1673403360000,3921.542,3921.542,3920.486,3920.672
1673403420000,3920.423,3920.925,3920.41,3920.669
1673403480000,3920.78,3920.931,3920.666,3920.913
1673403540000,3920.801,3921.466,3920.66,3921.153
1673403600000,3921.178,3921.422,3921.169,3921.422
1673403660000,3921.539,3922.165,3921.539,3922.165
1673403720000,3922.041,3922.156,3921.912,3922.156
1673403780000,3922.298,3922.466,3921.918,3921.918
1673403840000,3921.785,3922.159,3921.656,3922.159
1673403900000,3922.14,3922.162,3921.896,3922.143
1673403960000,3922.411,3922.661,3922.393,3922.655
1673404020000,3922.408,3922.658,3922.396,3922.396
1673404080000,3922.661,3922.661,3922.516,3922.661
1673404140000,3922.396,3922.956,3922.396,3922.902
1673404200000,3923.14,3923.14,3922.412,3922.706
1673404260000,3922.535,3922.908,3922.406,3922.908
1673404320000,3923.158,3923.399,3922.399,3922.399
1673404380000,3922.661,3922.661,3922.14,3922.14
1673404440000,3922.288,3922.662,3922.14,3922.409
1673404500000,3922.288,3922.418,3921.903,3922.171
1673404560000,3922.288,3922.415,3921.672,3921.726
1673404620000,3921.783,3922.15,3921.783,3921.9
1673404680000,3921.795,3921.966,3921.418,3921.418
1673404740000,3921.665,3921.666,3921.4,3921.422
1673404800000,3921.226,3921.675,3921.226,3921.428
1673404860000,3921.539,3921.916,3921.539,3921.726
1673404920000,3921.786,3921.931,3921.41,3921.476
1673404980000,3921.305,3921.476,3920.919,3921.055
1673405040000,3920.91,3921.175,3920.91,3921.169
1673405100000,3921.048,3921.048,3920.67,3920.67
1673405160000,3920.793,3920.986,3920.682,3920.682
1673405220000,3920.438,3920.476,3919.941,3919.941
1673405280000,3919.796,3920.236,3919.688,3919.996
1673405340000,3919.828,3919.939,3919.702,3919.708
1673405400000,3919.942,3920.163,3919.67,3919.976
1673405460000,3920.181,3920.226,3919.91,3920.163
1673405520000,3920.04,3920.16,3919.913,3919.922
1673405580000,3919.685,3919.941,3919.685,3919.932
1673405640000,3919.8,3920.191,3919.8,3920.052
1673405700000,3919.932,3920.441,3919.685,3919.685
1673405760000,3919.926,3920.176,3919.445,3919.445
1673405820000,3919.438,3919.682,3919.429,3919.67
1673405880000,3919.928,3919.938,3919.67,3919.67
1673405940000,3919.486,3919.736,3919.429,3919.432
1673406000000,3919.793,3919.793,3919.432,3919.432
1673406060000,3919.682,3920.419,3919.682,3920.416
1673406120000,3920.678,3920.678,3920.41,3920.41
1673406180000,3920.54,3920.976,3920.431,3920.669
1673406240000,3920.476,3920.476,3920.476,3920.476
1673406300000,3920.663,3920.663,3920.41,3920.431
1673406360000,3920.173,3920.173,3919.42,3919.42
1673406420000,3919.496,3919.736,3919.423,3919.736
1673406480000,3919.68,3919.68,3919.451,3919.451
1673406540000,3919.331,3919.331,3918.708,3918.708
1673406600000,3918.819,3918.958,3917.959,3918.449
1673406660000,3918.702,3918.711,3918.455,3918.699
1673406720000,3918.746,3918.746,3918.626,3918.626
1673406780000,3918.689,3918.711,3918.19,3918.711
1673406840000,3918.443,3918.443,3917.968,3917.968
1673406900000,3917.709,3918.573,3917.7,3918.443
1673406960000,3918.591,3918.756,3918.446,3918.452
1673407020000,3918.563,3918.705,3918.449,3918.693
1673407080000,3918.826,3919.211,3918.826,3918.946
1673407140000,3919.211,3919.455,3918.946,3919.44
1673407200000,3919.698,3919.698,3919.455,3919.455
1673407260000,3919.319,3919.458,3919.193,3919.458
1673407320000,3919.202,3919.446,3918.933,3918.996
1673407380000,3919.186,3919.698,3918.945,3919.689
1673407440000,3919.451,3919.451,3919.325,3919.442
1673407500000,3919.186,3919.575,3918.955,3919.44
1673407560000,3919.208,3919.443,3919.19,3919.196
1673407620000,3918.961,3919.256,3918.94,3918.94
1673407680000,3919.091,3919.136,3918.94,3918.952
1673407740000,3918.952,3918.952,3918.952,3918.952
1673407800000,3919.199,3919.696,3919.199,3919.696
1673407860000,3919.949,3920.436,3919.949,3920.189
1673407920000,3920.445,3920.445,3920.195,3920.195
1673407980000,3920.072,3920.448,3920.072,3920.448
1673408040000,3920.68,3920.68,3920.68,3920.68
1673408100000,3920.496,3920.698,3920.202,3920.331
1673408160000,3920.196,3920.43,3920.196,3920.43
1673408220000,3920.581,3920.695,3920.445,3920.695
1673408280000,3920.439,3920.439,3920.439,3920.439
1673408340000,3920.196,3920.496,3920.193,3920.496
1673408400000,3920.683,3921.496,3920.442,3921.186
1673408460000,3921.179,3921.188,3920.43,3920.43
1673408520000,3920.556,3920.746,3920.201,3920.746
1673408580000,3920.496,3920.92,3920.496,3920.92
1673408640000,3921.173,3921.236,3920.923,3920.986
1673408700000,3920.8,3920.8,3920.746,3920.746
1673408760000,3920.568,3920.701,3920.43,3920.448
1673408820000,3920.316,3920.445,3920.183,3920.436
1673408880000,3920.316,3920.448,3920.183,3920.186
1673408940000,3919.81,3920.006,3919.708,3919.943
1673409000000,3919.819,3919.955,3919.693,3919.955
1673409060000,3920.195,3920.195,3919.961,3919.961
1673409120000,3920.186,3920.328,3919.952,3919.952
1673409180000,3919.699,3919.699,3919.699,3919.699
1673409240000,3919.44,3919.472,3919.205,3919.472
1673409300000,3919.703,3920.221,3919.583,3920.2
1673409360000,3920.098,3920.215,3919.971,3920.215
1673409420000,3920.45,3921.446,3920.45,3921.202
1673409480000,3920.946,3921.449,3920.946,3921.443
1673409540000,3921.202,3921.506,3920.946,3920.946
1673409600000,3921.202,3921.506,3921.202,3921.208
1673409660000,3920.943,3920.961,3920.693,3920.705
1673409720000,3920.443,3920.708,3920.218,3920.458
1673409780000,3920.386,3920.446,3920.335,3920.44
1673409840000,3920.323,3920.323,3920.206,3920.206
1673409900000,3919.953,3920.266,3919.953,3919.956
1673409960000,3920.076,3920.693,3919.95,3920.693
1673410020000,3920.943,3921.078,3920.69,3920.958
1673410080000,3921.081,3921.695,3920.949,3921.689
1673410140000,3921.93,3922.189,3921.683,3922.186
1673410200000,3922.06,3922.201,3921.93,3921.942
1673410260000,3921.813,3921.951,3921.695,3921.696
1673410320000,3921.826,3922.196,3921.699,3922.196
1673410380000,3922.081,3922.256,3921.961,3922.199
1673410440000,3921.943,3922.943,3921.943,3922.69
1673410500000,3922.44,3922.44,3921.721,3921.721
1673410560000,3921.971,3922.206,3921.721,3922.206
1673410620000,3922.443,3922.693,3922.209,3922.446
1673410680000,3922.221,3922.335,3921.959,3922.016
1673410740000,3921.896,3921.965,3921.836,3921.959
1673410800000,3922.215,3922.215,3921.95,3921.95
1673410860000,3921.715,3921.715,3921.225,3921.276
1673410920000,3921.348,3921.766,3921.216,3921.463
1673410980000,3921.228,3921.466,3921.228,3921.46
1673411040000,3921.231,3921.516,3921.203,3921.203
1673411100000,3921.146,3921.231,3920.962,3920.963
1673411160000,3920.716,3920.969,3920.716,3920.969
1673411220000,3920.843,3920.966,3919.985,3920.232
1673411280000,3920.111,3920.232,3919.985,3920.232
1673411340000,3920.112,3920.346,3920.1,3920.225
1673411400000,3920.34,3921.228,3920.34,3920.963
1673411460000,3920.849,3921.09,3920.849,3921.09
1673411520000,3921.21,3921.225,3920.972,3920.975
1673411580000,3919.97,3920.469,3919.97,3920.225
1673411640000,3920.463,3920.472,3920.21,3920.343
1673411700000,3920.481,3920.728,3920.478,3920.485
1673411760000,3920.226,3920.479,3919.856,3920.479
1673411820000,3920.365,3920.47,3920.232,3920.241
1673411880000,3920.482,3920.726,3920.482,3920.726
1673411940000,3920.988,3921.225,3920.738,3921.225
1673412000000,3921.406,3921.469,3920.723,3920.729
1673412060000,3920.843,3921.216,3920.729,3920.97
1673412120000,3920.726,3920.991,3920.726,3920.985
1673412180000,3920.786,3921.232,3920.786,3920.985
1673412240000,3920.735,3921.036,3920.735,3920.979
1673412300000,3920.729,3920.991,3920.729,3920.991
1673412360000,3921.09,3921.09,3920.732,3920.732
1673412420000,3920.606,3920.606,3920.482,3920.482
1673412480000,3920.735,3920.735,3920.296,3920.296
1673412540000,3920.106,3920.296,3919.989,3920.046
1673412600000,3920.236,3920.729,3919.986,3920.729
1673412660000,3920.729,3920.729,3920.729,3920.729
1673412720000,3920.976,3921.156,3920.976,3920.982
1673412780000,3920.992,3920.992,3920.733,3920.989
1673412840000,3920.739,3920.98,3920.735,3920.735
1673412900000,3920.485,3920.546,3920.485,3920.488
1673412960000,3920.486,3920.486,3920.486,3920.486
1673413020000,3920.486,3920.486,3920.486,3920.486
1673413080000,3920.6,3920.738,3920.492,3920.735
1673413140000,3921.036,3921.235,3920.982,3920.982
1673413200000,3920.871,3921.238,3920.72,3920.741
1673413260000,3920.976,3920.988,3920.72,3920.72
1673413320000,3920.859,3920.859,3920.726,3920.733
1673413380000,3920.619,3920.619,3919.986,3919.986
1673413440000,3919.751,3919.98,3919.745,3919.745
1673413500000,3919.625,3919.755,3919.49,3919.505
1673413560000,3919.743,3920.22,3919.743,3920.22
1673413620000,3920.296,3920.492,3920.001,3920.233
1673413680000,3920.36,3920.501,3920.242,3920.498
1673413740000,3920.426,3920.989,3920.375,3920.546
1673413800000,3920.742,3920.796,3920.483,3920.618
1673413860000,3920.736,3921.046,3920.492,3920.865
1673413920000,3921.001,3921.001,3920.745,3920.859
1673413980000,3920.989,3921.286,3920.856,3921.286
1673414040000,3921.233,3921.233,3921.233,3921.233
1673414100000,3921.046,3921.046,3920.499,3920.743
1673414160000,3921.008,3921.008,3920.749,3920.749
1673414220000,3920.936,3921.008,3920.74,3921.008
1673414280000,3920.936,3921.008,3920.74,3921.008
1673414340000,3921.255,3921.306,3920.99,3920.99
1673414400000,3921.246,3921.306,3921.008,3921.008
1673414460000,3921.11,3921.258,3920.999,3921.005
1673414520000,3920.761,3920.761,3920.5,3920.686
1673414580000,3920.758,3920.993,3920.518,3920.993
1673414640000,3920.761,3921.005,3920.512,3920.743
1673414700000,3920.99,3921.005,3920.518,3920.752
1673414760000,3920.515,3920.515,3920.021,3920.265
1673414820000,3920.521,3920.521,3920.259,3920.259
1673414880000,3920.139,3920.768,3920.139,3920.768
1673414940000,3920.566,3921.23,3920.246,3921.23
1673415000000,3921.258,3921.629,3921.24,3921.255
1673415060000,3921.505,3922.008,3921.505,3921.761
1673415120000,3922.011,3922.011,3921.556,3921.752
1673415180000,3921.98,3922.011,3921.505,3921.505
1673415240000,3921.758,3922.056,3921.619,3922.056
1673415300000,3921.891,3922.261,3921.752,3922.002
1673415360000,3922.125,3922.296,3921.74,3921.875
1673415420000,3921.999,3922.248,3921.496,3922.005
1673415480000,3922.236,3922.245,3921.996,3922.056
1673415540000,3921.755,3922.008,3921.755,3922.002
1673415600000,3921.761,3922.258,3921.761,3922.24
1673415660000,3921.999,3922.24,3921.752,3921.999
1673415720000,3921.875,3922.255,3921.505,3922.255
1673415780000,3922.011,3923.046,3922.011,3922.796
1673415840000,3922.989,3924.473,3922.989,3924.229
1673415900000,3924.34,3924.491,3923.72,3923.732
1673415960000,3923.48,3923.726,3923.245,3923.483
1673416020000,3923.248,3923.72,3923.248,3923.72
1673416080000,3923.976,3923.976,3923.48,3923.501
1673416140000,3923.248,3923.751,3923.046,3923.751
1673416200000,3923.859,3924.238,3923.736,3923.982
1673416260000,3923.748,3923.985,3923.473,3923.473
1673416320000,3923.359,3923.498,3922.761,3922.761
1673416380000,3922.992,3922.992,3922.505,3922.751
1673416440000,3922.743,3922.743,3921.503,3922.008
1673416500000,3922.141,3922.511,3921.882,3922.008
1673416560000,3921.888,3922.066,3921.63,3921.768
1673416620000,3921.63,3921.765,3921.503,3921.503
1673416680000,3921.265,3921.518,3921.259,3921.265
1673416740000,3921.012,3921.271,3921,3921.268
1673416800000,3921.506,3921.753,3921.009,3921.326
1673416860000,3921.268,3921.509,3920.5,3920.753
1673416920000,3920.636,3921.316,3920.5,3921.009
1673416980000,3920.753,3922.24,3920.753,3922.24
1673417040000,3922.12,3922.49,3922.12,3922.252
1673417100000,3922.015,3922.261,3922.006,3922.009
1673417160000,3921.879,3922.268,3921.879,3922.261
1673417220000,3922.008,3922.748,3922.008,3922.499
1673417280000,3922.258,3922.493,3922.011,3922.258
1673417340000,3922.126,3922.249,3921.99,3922.056
1673417400000,3921.746,3922.008,3921.268,3921.749
1673417460000,3921.512,3921.761,3921.25,3921.761
1673417520000,3921.632,3922.005,3921.566,3921.771
1673417580000,3921.88,3922.018,3921.633,3921.99
1673417640000,3921.765,3922.008,3921.515,3921.515
1673417700000,3921.75,3922.508,3921.506,3922.243
1673417760000,3922.125,3922.252,3921.253,3921.255
1673417820000,3921.483,3921.501,3921.008,3921.011
1673417880000,3921.255,3921.493,3921.011,3921.493
1673417940000,3921.426,3921.511,3921.24,3921.261
1673418000000,3921.119,3921.556,3920.999,3921.011
1673418060000,3921.24,3921.248,3920.986,3921.239
1673418120000,3921.489,3921.489,3920.746,3920.746
1673418180000,3921.001,3921.001,3920.755,3920.873
1673418240000,3921.002,3921.002,3920.743,3920.993
1673418300000,3921.123,3921.258,3920.993,3921.249
1673418360000,3921.366,3921.511,3921.243,3921.243
1673418420000,3921.505,3921.806,3920.999,3921.252
1673418480000,3921.129,3921.129,3921.005,3921.005
1673418540000,3920.753,3920.753,3920.515,3920.515
1673418600000,3920.75,3920.996,3920.518,3920.993
1673418660000,3921.24,3921.502,3921.24,3921.502
1673418720000,3921.758,3922.296,3921.628,3922.011
1673418780000,3921.806,3921.806,3921.249,3921.249
1673418840000,3921.499,3921.505,3921.37,3921.505
1673418900000,3921.62,3922.005,3921.499,3921.752
1673418960000,3921.878,3921.878,3921.499,3921.499
1673419020000,3921.623,3921.629,3921.261,3921.261
1673419080000,3921.271,3921.37,3920.762,3920.768
1673419140000,3921.015,3921.502,3921.003,3921.259
1673419200000,3921.493,3921.505,3921.006,3921.006
1673419260000,3921.123,3921.123,3920.016,3920.269
1673419320000,3920.389,3920.762,3920.272,3920.762
1673419380000,3920.509,3920.509,3920.326,3920.326
1673419440000,3920.509,3920.509,3920.272,3920.272
1673419500000,3920.133,3920.133,3919.273,3919.763
1673419560000,3920.01,3920.142,3919.76,3919.773
1673419620000,3919.661,3919.788,3919.288,3919.782
1673419680000,3920.032,3920.032,3919.466,3919.846
1673419740000,3919.542,3919.798,3919.542,3919.798
1673419800000,3920.023,3920.836,3920.023,3920.655
1673419860000,3920.535,3920.779,3920.273,3920.541
1673419920000,3920.539,3920.596,3920.286,3920.546
1673419980000,3920.302,3920.555,3920.302,3920.555
1673420040000,3920.795,3920.795,3920.293,3920.293
1673420100000,3920.163,3920.311,3919.802,3919.802
1673420160000,3920.046,3920.299,3919.549,3919.552
1673420220000,3919.685,3919.811,3918.812,3918.812
1673420280000,3918.745,3918.988,3918.245,3918.745
1673420340000,3918.621,3918.621,3917.986,3918.248
1673420400000,3918.001,3918.046,3916.769,3917.521
1673420460000,3917.271,3917.271,3916.266,3916.281
1673420520000,3916.041,3916.826,3915.029,3915.282
1673420580000,3915.032,3915.773,3914.662,3915.52
1673420640000,3915.409,3915.902,3914.782,3915.336
1673420700000,3915.421,3915.836,3914.033,3914.346
1673420760000,3914.175,3914.548,3913.106,3914.295
1673420820000,3914.172,3914.596,3913.173,3913.308
1673420880000,3913.555,3914.346,3913.04,3914.346
1673420940000,3914.226,3914.903,3914.052,3914.903
1673421000000,3914.801,3914.846,3914.036,3914.036
1673421060000,3913.789,3914.286,3913.308,3913.798
1673421120000,3913.545,3914.036,3913.046,3913.548
1673421180000,3913.789,3914.356,3913.78,3913.811
1673421240000,3913.685,3914.311,3913.236,3913.318
1673421300000,3913.188,3914.046,3913.053,3913.796
1673421360000,3914.04,3914.356,3913.553,3914.176
1673421420000,3914.311,3914.311,3913.303,3913.303
1673421480000,3913.432,3913.811,3913.059,3913.366
1673421540000,3913.116,3913.821,3913.065,3913.616
1673421600000,3913.682,3914.293,3913.366,3914.061
1673421660000,3914.17,3914.302,3913.195,3913.309
1673421720000,3913.192,3913.818,3913.056,3913.806
1673421780000,3913.616,3914.302,3913.55,3913.55
1673421840000,3913.812,3914.606,3913.812,3914.606
1673421900000,3914.305,3914.356,3913.803,3914.173
1673421960000,3914.053,3914.302,3913.8,3914.056
1673422020000,3914.356,3914.606,3914.056,3914.063
1673422080000,3914.322,3915.06,3914.05,3914.563
1673422140000,3914.458,3914.876,3914.323,3914.355
1673422200000,3914.102,3915.085,3914.102,3914.851
1673422260000,3914.706,3914.836,3914.08,3914.598
1673422320000,3914.471,3914.601,3913.855,3914.586
1673422380000,3914.842,3915.339,3914.833,3914.848
1673422440000,3914.608,3915.836,3914.593,3915.836
1673422500000,3916.098,3916.146,3915.605,3916.146
1673422560000,3915.975,3916.083,3915.605,3915.845
1673422620000,3915.59,3915.851,3915.343,3915.599
1673422680000,3915.406,3915.848,3915.346,3915.593
1673422740000,3915.728,3915.896,3915.346,3915.346
1673422800000,3915.102,3915.84,3915.102,3915.349
1673422860000,3915.472,3916.089,3915.096,3915.84
1673422920000,3915.602,3916.089,3915.093,3915.593
1673422980000,3915.858,3915.858,3915.099,3915.102
1673423040000,3915.352,3916.116,3915.09,3915.619
1673423100000,3915.426,3915.619,3914.87,3915.132
1673423160000,3915.246,3915.676,3915.126,3915.258
1673423220000,3915.12,3915.631,3914.876,3915.369
1673423280000,3915.392,3915.645,3915.38,3915.38
1673423340000,3915.633,3915.686,3915.126,3915.373
1673423400000,3915.25,3915.388,3914.398,3914.636
1673423460000,3914.886,3914.898,3914.383,3914.389
1673423520000,3914.133,3915.186,3914.133,3915.003
1673423580000,3915.12,3915.141,3914.382,3914.623
1673423640000,3914.759,3915.373,3914.62,3915.12
1673423700000,3915.006,3915.151,3914.639,3915.148
1673423760000,3915.018,3915.139,3914.63,3914.645
1673423820000,3914.513,3914.696,3914.133,3914.145
1673423880000,3914.266,3914.642,3913.899,3914.642
1673423940000,3914.655,3914.655,3913.899,3914.14
1673424000000,3914.016,3916.138,3913.893,3915.626
1673424060000,3915.771,3916.436,3915.021,3916.021
1673424120000,3916.145,3917.616,3915.386,3917.375
1673424180000,3917.501,3918.426,3917.126,3918.426
1673424240000,3918.621,3918.621,3917.863,3918.353
1673424300000,3918.603,3918.868,3917.631,3918.618
1673424360000,3918.416,3920.156,3918.103,3920.096
1673424420000,3919.855,3920.105,3918.116,3918.976
1673424480000,3919.109,3919.118,3916.666,3917.09
1673424540000,3916.859,3918.965,3916.859,3918.836
1673424600000,3918.589,3919.693,3918.33,3919.591
1673424660000,3919.81,3920.079,3919.08,3919.386
1673424720000,3919.208,3919.208,3918.471,3918.826
1673424780000,3918.971,3919.809,3918.7,3919.442
1673424840000,3919.312,3920.068,3918.942,3919.17
1673424900000,3919.309,3919.423,3918.683,3918.683
1673424960000,3918.866,3919.312,3918.55,3919.312
1673425020000,3919.42,3920.061,3919.05,3919.81
1673425080000,3919.56,3919.689,3918.2,3918.338
1673425140000,3918.221,3918.386,3917.586,3918.082
1673425200000,3917.823,3918.563,3917.583,3918.073
1673425260000,3918.328,3918.328,3916.583,3916.718
1673425320000,3916.851,3916.851,3915.102,3915.833
1673425380000,3915.731,3915.836,3915.333,3915.349
1673425440000,3915.536,3915.776,3915.036,3915.608
1673425500000,3915.488,3915.861,3914.979,3915.241
1673425560000,3915.102,3916.089,3914.853,3915.845
1673425620000,3915.58,3916.351,3915.09,3915.969
1673425680000,3915.84,3917.94,3915.84,3917.829
1673425740000,3917.69,3917.829,3916.83,3916.836
1673425800000,3916.646,3917.386,3916.589,3916.848
1673425860000,3916.971,3917.636,3915.35,3915.656
1673425920000,3915.485,3916.111,3915.359,3915.858
1673425980000,3915.72,3915.861,3914.666,3914.856
1673426040000,3914.796,3914.796,3914.103,3914.106
1673426100000,3913.862,3915.105,3913.862,3915.105
1673426160000,3915.216,3915.656,3914.656,3915.099
1673426220000,3915.228,3915.348,3914.58,3915.2
1673426280000,3915.089,3916.092,3915.089,3916.092
1673426340000,3915.896,3916.851,3915.845,3916.851
1673426400000,3916.7,3917.32,3916.095,3916.469
1673426460000,3916.396,3916.592,3915.093,3915.093
1673426520000,3915.396,3915.861,3914.859,3915.861
1673426580000,3915.608,3916.406,3915.602,3916.406
1673426640000,3916.156,3916.361,3915.59,3915.59
1673426700000,3915.858,3916.646,3915.858,3916.108
1673426760000,3916.228,3916.605,3916.093,3916.346
1673426820000,3916.593,3917.611,3916.276,3917.599
1673426880000,3917.406,3917.406,3916.34,3916.34
1673426940000,3916.656,3916.731,3916.22,3916.593
1673427000000,3916.603,3916.985,3915.878,3916.985
1673427060000,3917.112,3917.352,3916.603,3916.603
1673427120000,3916.85,3917.406,3916.368,3916.368
1673427180000,3916.483,3917.118,3916.116,3916.116
1673427240000,3915.989,3916.501,3915.372,3916.362
1673427300000,3916.6,3917.358,3916.6,3917.121
1673427360000,3916.862,3916.985,3916.103,3916.618
1673427420000,3916.583,3916.851,3916.099,3916.851
1673427480000,3917.098,3917.886,3916.823,3917.886
1673427540000,3917.706,3918.092,3917.591,3918.082
1673427600000,3917.886,3918.079,3916.099,3916.833
1673427660000,3917.089,3918.692,3917.089,3918.692
1673427720000,3918.626,3919.559,3918.56,3919.559
1673427780000,3919.685,3922.166,3919.55,3921.809
1673427840000,3922.116,3922.809,3921.563,3921.818
1673427900000,3921.556,3922.616,3921.556,3922.616
1673427960000,3922.8,3923.626,3922.8,3923.246
1673428020000,3923.081,3924.366,3923.072,3924.366
1673428080000,3924.179,3925.336,3923.356,3924.753
1673428140000,3924.645,3925.066,3922.779,3923.639
1673428200000,3923.576,3923.771,3923.01,3923.531
1673428260000,3923.398,3924.025,3923.01,3923.778
1673428320000,3923.528,3924.196,3923.273,3924.013
1673428380000,3923.772,3923.89,3923.032,3923.279
1673428440000,3923.52,3923.826,3923.276,3923.529
1673428500000,3923.28,3924.259,3923.035,3924.015
1673428560000,3924.13,3925.025,3923.778,3924.78
1673428620000,3924.909,3926.769,3924.78,3926.509
1673428680000,3926.373,3927.98,3926.316,3927.749
1673428740000,3927.619,3928.385,3927.392,3928
1673428800000,3927.883,3928.262,3927.513,3928.01
1673428860000,3927.763,3928.576,3927.763,3928.025
1673428920000,3928.012,3928.771,3927.76,3928.316
1673428980000,3928.003,3928.262,3927.263,3927.263
1673429040000,3927.031,3928.076,3927.031,3928.076
1673429100000,3927.826,3927.826,3926.532,3926.532
1673429160000,3926.39,3927.035,3925.836,3926.548
1673429220000,3926.773,3927.826,3926.773,3927.531
1673429280000,3927.769,3929,3927.513,3929
1673429340000,3928.768,3929.508,3928.506,3928.566
1673429400000,3928.768,3929.262,3928.383,3928.766
1673429460000,3928.648,3928.648,3927.282,3927.526
1673429520000,3927.779,3928.528,3927.779,3927.779
1673429580000,3927.541,3927.791,3927.02,3927.336
1673429640000,3927.159,3927.279,3926.52,3926.776
1673429700000,3927.026,3927.155,3926.529,3926.773
1673429760000,3926.911,3927.086,3926.52,3926.52
1673429820000,3926.405,3926.836,3926.041,3926.285
1673429880000,3926.532,3926.788,3926.042,3926.155
1673429940000,3926.029,3926.283,3925.78,3925.79
1673430000000,3925.913,3927.029,3925.783,3927.023
1673430060000,3926.966,3927.781,3926.773,3926.773
1673430120000,3927.041,3927.291,3926.532,3927.023
1673430180000,3926.909,3927.336,3926.52,3927.035
1673430240000,3927.158,3927.576,3926.791,3926.902
1673430300000,3927.029,3928.022,3927.02,3927.529
1673430360000,3927.39,3927.529,3926.538,3927.032
1673430420000,3926.791,3927.019,3926.278,3927.01
1673430480000,3927.13,3927.326,3926.778,3927.013
1673430540000,3926.778,3926.778,3926.26,3926.263
1673430600000,3926.016,3926.031,3925.273,3925.273
1673430660000,3925.526,3926.076,3925.336,3926.028
1673430720000,3925.896,3926.576,3925.76,3926.519
1673430780000,3926.446,3927.265,3926.161,3927.265
1673430840000,3927.006,3928.24,3927.006,3927.759
1673430900000,3927.99,3927.99,3927.265,3927.265
1673430960000,3927.006,3927.268,3926.51,3926.772
1673431020000,3926.639,3927.268,3926.01,3926.031
1673431080000,3925.899,3926.076,3925.288,3925.288
1673431140000,3925.532,3926.999,3925.285,3926.5
1673431200000,3926.74,3927.511,3926.74,3927.306
1673431260000,3927.556,3927.751,3926.986,3927.501
1673431320000,3927.739,3927.739,3926.625,3927.056
1673431380000,3926.989,3927.796,3926.98,3927.501
1673431440000,3927.739,3928.223,3927.245,3927.733
1673431500000,3927.85,3929.731,3927.85,3929.526
1673431560000,3929.593,3929.722,3928.46,3928.463
1673431620000,3928.716,3929.221,3928.716,3929.092
1673431680000,3929.2,3932.986,3928.46,3932.682
1673431740000,3932.565,3932.565,3929.721,3930.958
1673431800000,3931.196,3931.746,3929.45,3929.718
1673431860000,3929.959,3930.461,3929.706,3930.455
1673431920000,3930.57,3930.756,3930.443,3930.705
1673431980000,3930.7,3931.459,3929.71,3929.71
1673432040000,3929.589,3929.725,3929.346,3929.466
1673432100000,3928.976,3929.478,3928.72,3928.976
1673432160000,3928.729,3928.988,3928.473,3928.988
1673432220000,3928.972,3928.972,3927.036,3927.22
1673432280000,3927.485,3927.979,3927.223,3927.97
1673432340000,3927.786,3928.286,3927.362,3928.235
1673432400000,3927.976,3928.223,3926.736,3927.738
1673432460000,3927.973,3928.536,3927.735,3928.356
1673432520000,3928.48,3929.241,3928.239,3928.239
1673432580000,3927.986,3928.776,3927.735,3928.722
1673432640000,3928.476,3928.71,3927.242,3927.495
1673432700000,3927.733,3928.248,3927.483,3927.986
1673432760000,3928.122,3928.786,3928.122,3928.485
1673432820000,3928.621,3928.748,3928.236,3928.748
1673432880000,3928.609,3929.103,3928.251,3928.363
1673432940000,3928.501,3928.745,3927.992,3928.371
1673433000000,3928.239,3928.556,3927.993,3928.496
1673433060000,3928.243,3928.806,3927.993,3928.806
1673433120000,3928.613,3929.056,3927.493,3927.761
1673433180000,3927.505,3927.999,3927.49,3927.49
1673433240000,3927.755,3927.755,3927,3927
1673433300000,3927.255,3927.556,3927.006,3927.493
1673433360000,3927.259,3927.752,3927.006,3927.752
1673433420000,3927.496,3927.749,3926.765,3927.015
1673433480000,3926.759,3926.759,3925.736,3925.995
1673433540000,3925.739,3926.001,3924.976,3925.713
1673433600000,3925.972,3926.225,3924.991,3925.286
1673433660000,3925.276,3925.526,3924.709,3924.959
1673433720000,3925.076,3925.136,3924.206,3924.342
1673433780000,3924.456,3925.218,3924.203,3925.209
1673433840000,3925.076,3925.969,3924.953,3925.229
1673433900000,3925.036,3925.231,3924.716,3925.026
1673433960000,3925.213,3925.971,3924.978,3925.962
1673434020000,3926.215,3926.222,3925.71,3926.09
1673434080000,3926.276,3926.601,3925.731,3926.469
1673434140000,3926.216,3926.472,3925.479,3925.843
1673434200000,3925.731,3926.351,3925.2,3925.952
1673434260000,3925.969,3926.462,3925.725,3926.218
1673434320000,3926.101,3926.266,3925.479,3925.599
1673434380000,3925.536,3925.96,3925.232,3925.729
1673434440000,3925.849,3926.728,3925.741,3926.71
1673434500000,3926.466,3926.719,3926.21,3926.526
1673434560000,3926.728,3926.728,3925.963,3926.216
1673434620000,3926.343,3926.46,3923.625,3923.986
1673434680000,3924.241,3925.72,3924.001,3924.982
1673434740000,3925.229,3926.036,3925.036,3925.729
1673434800000,3925.611,3927.026,3925.47,3926.231
1673434860000,3926.358,3927.231,3926.156,3926.71
1673434920000,3926.46,3926.972,3926.21,3926.46
1673434980000,3926.21,3926.472,3925.97,3926.286
1673435040000,3926.526,3926.833,3925.976,3925.982
1673435100000,3925.84,3926.286,3925.476,3925.991
1673435160000,3925.729,3926.228,3925.71,3925.71
1673435220000,3925.482,3925.482,3924.723,3925.099
1673435280000,3924.979,3925.71,3924.862,3924.979
1673435340000,3924.726,3925.036,3924.615,3924.853
1673435400000,3924.742,3926.488,3924.73,3926.232
1673435460000,3926.096,3926.235,3925.166,3925.499
1673435520000,3925.249,3926.363,3925.249,3926.22
1673435580000,3925.985,3925.991,3925.726,3925.729
1673435640000,3925.603,3926.491,3925.486,3925.741
1673435700000,3925.865,3925.97,3924.983,3925.501
1673435760000,3925.511,3925.761,3925.249,3925.252
1673435820000,3925.021,3925.261,3924.74,3925.261
1673435880000,3925.002,3925.546,3925.002,3925.249
1673435940000,3925.11,3925.258,3924.99,3925.246
1673436000000,3925.381,3925.995,3925.24,3925.49
1673436060000,3925.489,3925.489,3923.503,3924.271
1673436120000,3924.508,3925.989,3924.508,3925.736
1673436180000,3925.989,3926.498,3924.566,3925.002
1673436240000,3925.128,3926.241,3925.119,3926.046
1673436300000,3925.796,3926.125,3925.296,3925.748
1673436360000,3925.508,3926.113,3925.508,3925.995
1673436420000,3926.23,3926.296,3925.363,3925.752
1673436480000,3926.046,3926.246,3925.256,3925.496
1673436540000,3925.74,3925.761,3925.24,3925.24
1673436600000,3925.508,3926.495,3925.246,3926.245
1673436660000,3926.046,3927.479,3925.986,3927.286
1673436720000,3927.482,3927.72,3926.98,3927.47
1673436780000,3927.359,3927.741,3926.98,3927.242
1673436840000,3926.998,3928.036,3926.998,3927.226
1673436900000,3927.476,3927.786,3927.476,3927.751
1673436960000,3927.738,3928.046,3927.236,3927.245
1673437020000,3927.106,3927.245,3926.23,3926.733
1673437080000,3926.483,3926.998,3926.483,3926.998
1673437140000,3926.85,3928.046,3926.742,3927.751
1673437200000,3927.625,3927.98,3927.239,3927.625
1673437260000,3928.046,3929.723,3928.046,3929.47
1673437320000,3929.723,3929.965,3928.483,3929.725
1673437380000,3930.016,3930.952,3929.713,3930.506
1673437440000,3930.696,3931.211,3930.462,3930.7
1673437500000,3930.465,3930.959,3929.725,3930.206
1673437560000,3929.956,3930.981,3929.956,3929.96
1673437620000,3929.843,3930.646,3929.716,3930.276
1673437680000,3930.09,3930.222,3928.732,3928.988
1673437740000,3928.862,3929.226,3928.72,3928.72
1673437800000,3928.865,3929.22,3928.23,3928.23
1673437860000,3928.498,3928.501,3927.498,3927.498
1673437920000,3927.739,3928.416,3927.11,3928.116
1673437980000,3928.242,3929.226,3927.995,3928.869
1673438040000,3928.742,3929.476,3928.258,3928.61
1673438100000,3928.499,3928.748,3927.732,3928.286
1673438160000,3928.358,3928.469,3926.98,3927.242
1673438220000,3927.536,3927.536,3926.546,3926.732
1673438280000,3926.501,3927.286,3926.501,3926.729
1673438340000,3926.6,3927.726,3926.6,3927.726
1673438400000,3927.488,3927.735,3926.248,3926.248
1673438460000,3926.489,3926.796,3926.23,3926.733
1673438520000,3926.603,3926.796,3926.236,3926.736
1673438580000,3926.871,3927.536,3926.871,3927.488
1673438640000,3927.741,3927.982,3927.47,3927.982
1673438700000,3928.103,3928.241,3927.483,3927.786
1673438760000,3927.976,3928.491,3927.97,3927.97
1673438820000,3927.733,3928.482,3927.733,3927.991
1673438880000,3928.115,3928.485,3927.242,3927.498
1673438940000,3927.751,3927.751,3927.489,3927.546
1673439000000,3927.233,3927.501,3926.986,3927.248
1673439060000,3927.492,3927.546,3926.505,3926.616
1673439120000,3926.511,3926.511,3925.243,3925.496
1673439180000,3925.261,3925.765,3925.24,3925.761
1673439240000,3925.49,3925.511,3925.002,3925.24
1673439300000,3925.005,3925.011,3924.25,3924.566
1673439360000,3924.271,3924.271,3923.5,3924.066
1673439420000,3923.885,3924.015,3923.01,3923.01
1673439480000,3922.778,3923.518,3922.763,3923.009
1673439540000,3923.271,3923.271,3922.076,3922.076
1673439600000,3921.962,3922.341,3920.839,3921.576
1673439660000,3921.832,3922.575,3921.329,3922.328
1673439720000,3922.078,3922.331,3921.705,3922.126
1673439780000,3922.325,3923.866,3922.319,3923.626
1673439840000,3923.376,3923.569,3922.581,3923.321
1673439900000,3923.056,3923.069,3922.313,3922.803
1673439960000,3922.828,3923.876,3922.822,3923.573
1673440020000,3923.841,3924.078,3923.313,3923.831
1673440080000,3924.081,3924.366,3923.813,3924.049
1673440140000,3923.796,3924.191,3923.553,3924.071
1673440200000,3923.809,3924.182,3923.06,3924.182
1673440260000,3924.05,3925.116,3924.05,3924.806
1673440320000,3925.065,3925.116,3924.8,3925.056
1673440380000,3924.818,3926.552,3924.818,3926.061
1673440440000,3926.356,3926.606,3926.04,3926.413
1673440500000,3926.561,3926.798,3925.79,3926.558
1673440560000,3926.793,3927.042,3926.28,3926.541
1673440620000,3926.779,3927.291,3926.289,3926.78
1673440680000,3927.03,3927.773,3927.03,3927.763
1673440740000,3927.649,3927.781,3926.529,3926.529
1673440800000,3926.785,3927.285,3926.279,3927.035
1673440860000,3927.291,3927.336,3926.77,3927.02
1673440920000,3926.773,3927.026,3925.76,3925.905
1673440980000,3925.788,3926.326,3925.773,3926.263
1673441040000,3926.519,3926.519,3925.77,3925.89
1673441100000,3925.773,3926.086,3925.279,3925.791
1673441160000,3925.661,3927.326,3925.661,3927.265
1673441220000,3927.5,3928.018,3927.262,3927.781
1673441280000,3928.012,3928.306,3927.756,3928.255
1673441340000,3928.268,3929.056,3928.018,3928.306
1673441400000,3928.493,3928.493,3927.518,3928.249
1673441460000,3927.99,3928.255,3927.009,3927.391
1673441520000,3927.499,3927.546,3927,3927.546
1673441580000,3927.511,3927.752,3926.74,3926.999
1673441640000,3927.245,3927.751,3926.749,3926.875
1673441700000,3926.74,3926.758,3925.066,3925.262
1673441760000,3925.556,3926.021,3924.759,3926.021
1673441820000,3926.123,3926.745,3925.756,3926.745
1673441880000,3926.489,3927.23,3926.483,3926.983
1673441940000,3927.166,3927.483,3926.751,3927.483
1673442000000,3927.36,3928.001,3926.985,3927.863
1673442060000,3927.992,3929.276,3927.973,3928.972
1673442120000,3929.225,3929.481,3928.723,3929.276
1673442180000,3929.406,3929.406,3928.22,3928.251
1673442240000,3928.365,3928.861,3927.97,3928.59
1673442300000,3928.786,3929.713,3928.479,3929.536
1673442360000,3929.34,3930.731,3929.34,3930.71
1673442420000,3930.478,3930.478,3929.213,3929.219
1673442480000,3929.46,3929.463,3928.973,3929.463
1673442540000,3929.222,3930.231,3929.222,3930.219
1673442600000,3929.97,3930.225,3928.982,3930.036
1673442660000,3930.216,3930.745,3929.979,3930.745
1673442720000,3930.498,3931.732,3930.236,3931.245
1673442780000,3931.106,3931.729,3930.85,3931.476
1673442840000,3931.233,3931.729,3930.745,3930.995
1673442900000,3931.23,3931.726,3930.992,3931.233
1673442960000,3931.498,3932.492,3930.736,3932.239
1673443020000,3932.046,3932.046,3930.759,3930.759
1673443080000,3930.519,3931.999,3930.145,3931.999
1673443140000,3932.296,3932.995,3931.806,3932.505
1673443200000,3932.492,3932.748,3931.49,3932.748
1673443260000,3933.001,3933.001,3932.233,3932.73
1673443320000,3932.495,3932.73,3931.73,3932.238
1673443380000,3932.352,3932.786,3931.236,3931.745
1673443440000,3931.48,3934.472,3931.48,3933.713
1673443500000,3933.963,3934.231,3933.21,3933.219
1673443560000,3933.036,3934.209,3933.026,3933.966
1673443620000,3933.71,3933.71,3932.229,3932.229
1673443680000,3932.478,3932.478,3931.738,3931.982
1673443740000,3932.235,3932.981,3931.72,3931.723
1673443800000,3931.868,3932.978,3931.47,3931.488
1673443860000,3931.229,3931.473,3929.98,3930.536
1673443920000,3930.489,3931.21,3930.226,3930.981
1673443980000,3930.858,3931.036,3930.476,3930.723
1673444040000,3930.976,3930.985,3929.979,3930.226
1673444100000,3929.97,3930.166,3928.169,3928.673
1673444160000,3928.925,3929.37,3928.14,3929.172
1673444220000,3929.476,3929.903,3929.175,3929.42
1673444280000,3929.433,3929.433,3928.071,3928.931
1673444340000,3928.682,3929.689,3928.496,3929.689
1673444400000,3929.693,3930.702,3929.443,3930.702
1673444460000,3931.202,3931.256,3930.702,3930.945
1673444520000,3931.198,3931.711,3930.698,3931.711
1673444580000,3931.576,3931.69,3930.945,3931.449
1673444640000,3931.686,3932.689,3931.458,3932.43
1673444700000,3932.701,3933.451,3932.18,3933.192
1673444760000,3932.948,3933.236,3932.446,3933.196
1673444820000,3933.448,3933.996,3932.955,3933.996
1673444880000,3934.192,3934.201,3933.439,3933.692
1673444940000,3933.951,3933.951,3932.692,3933.201
1673445000000,3932.951,3933.746,3932.461,3933.211
1673445060000,3932.949,3933.211,3932.443,3933.211
1673445120000,3932.953,3935.688,3932.953,3935.43
1673445180000,3935.183,3935.926,3934.436,3934.686
1673445240000,3934.942,3935.669,3934.679,3935.41
1673445300000,3935.54,3935.922,3933.455,3933.746
1673445360000,3933.436,3934.903,3933.436,3934.226
1673445420000,3934.165,3934.405,3932.688,3934.145
1673445480000,3934.392,3934.446,3933.88,3933.889
1673445540000,3934.136,3935.186,3934.136,3935.186
1673445600000,3934.883,3935.123,3933.403,3933.649
1673445660000,3933.393,3933.706,3932.15,3932.409
1673445720000,3932.171,3932.405,3931.156,3932.146
1673445780000,3931.956,3932.956,3931.9,3932.659
1673445840000,3932.418,3932.89,3931.681,3931.681
1673445900000,3931.435,3932.413,3931.42,3932.175
1673445960000,3932.431,3932.542,3930.916,3931.175
1673446020000,3931.191,3932.918,3930.938,3932.918
1673446080000,3933.216,3935.226,3932.912,3935.226
1673446140000,3934.986,3935.226,3934.438,3934.678
1673446200000,3934.925,3935.226,3932.686,3933.435
1673446260000,3933.236,3933.701,3933.176,3933.189
1673446320000,3932.945,3933.17,3932.16,3932.421
1673446380000,3932.181,3932.181,3930.986,3931.429
1673446440000,3931.428,3932.163,3930.923,3930.923
1673446500000,3931.106,3932.178,3931.106,3931.422
1673446560000,3931.666,3932.178,3931.66,3932.175
1673446620000,3932.421,3933.415,3932.166,3933.403
1673446680000,3933.658,3934.216,3933.403,3933.931
1673446740000,3933.425,3933.931,3932.92,3933.675
1673446800000,3933.476,3933.976,3933.173,3933.695
1673446860000,3933.433,3933.698,3933.186,3933.442
1673446920000,3933.746,3933.941,3933.189,3933.941
1673446980000,3933.679,3934.41,3933.676,3934.41
1673447040000,3934.169,3935.486,3934.163,3934.935
1673447100000,3934.939,3935.198,3933.44,3933.711
1673447160000,3933.816,3935.913,3933.19,3935.726
1673447220000,3935.976,3937.643,3935.438,3936.415
1673447280000,3936.156,3938.161,3935.685,3937.65
1673447340000,3937.909,3938.206,3935.701,3935.996
1673447400000,3936.55,3940.143,3936.438,3938.14
1673447460000,3938.52,3939.651,3934.932,3935.691
1673447520000,3935.441,3937.956,3932.436,3932.436
1673447580000,3932.683,3934.429,3931.446,3933.933
1673447640000,3933.683,3936.409,3933.063,3935.173
1673447700000,3935.425,3938.63,3935.173,3935.986
1673447760000,3936.172,3939.389,3936.172,3937.656
1673447820000,3938.156,3940.898,3936.91,3940.898
1673447880000,3940.696,3941.382,3937.665,3940.12
1673447940000,3940.376,3941.875,3938.15,3939.671
1673448000000,3940.216,3941.161,3938.656,3940.658
1673448060000,3940.901,3941.408,3937.449,3938.189
1673448120000,3938.19,3942.426,3937.69,3942.188
1673448180000,3941.938,3944.913,3941.926,3943.636
1673448240000,3943.705,3944.461,3942.469,3943.516
1673448300000,3943.766,3944.696,3940.265,3942.006
1673448360000,3942.019,3943.018,3940.05,3941.321
1673448420000,3941.116,3942.815,3940.55,3942.006
1673448480000,3941.819,3945.068,3941.819,3943.343
1673448540000,3943.469,3944.146,3939.928,3940.421
1673448600000,3940.659,3941.671,3939.42,3940.986
1673448660000,3940.42,3941.938,3939.506,3941.682
1673448720000,3941.439,3942.435,3940.071,3940.445
1673448780000,3940.691,3940.986,3934.253,3936.738
1673448840000,3936.482,3937.47,3934.49,3936.98
1673448900000,3936.738,3937.776,3935.97,3936.235
1673448960000,3935.97,3939.186,3935.735,3938.949
1673449020000,3938.705,3939.006,3936.716,3936.716
1673449080000,3936.969,3936.969,3933.519,3935.505
1673449140000,3935.755,3937.49,3935.49,3936.759
1673449200000,3937.132,3938.556,3935.772,3936.27
1673449260000,3936.038,3937.031,3934.296,3934.799
1673449320000,3935.055,3936.541,3934.068,3935.606
1673449380000,3935.666,3937.041,3934.318,3936.182
1673449440000,3936.106,3937.672,3935.558,3936.616
1673449500000,3936.626,3939.789,3936.322,3939.606
1673449560000,3939.321,3940.568,3937.958,3938.136
1673449620000,3938.338,3940.088,3936.916,3939.838
1673449680000,3940.136,3942.071,3940.136,3940.3
1673449740000,3940.062,3942.026,3939.818,3941.523
1673449800000,3941.288,3942.826,3941.038,3941.535
1673449860000,3941.291,3942.288,3939.568,3941.536
1673449920000,3941.783,3941.792,3939.803,3940.126
1673449980000,3940.313,3940.569,3937.34,3938.593
1673450040000,3938.861,3939.848,3938.366,3938.369
1673450100000,3938.625,3940.111,3938.123,3939.11
1673450160000,3938.739,3938.739,3935.4,3936.456
1673450220000,3936.643,3939.926,3936.643,3938.888
1673450280000,3938.629,3939.369,3937.886,3938.642
1673450340000,3938.38,3938.655,3937.405,3938.651
1673450400000,3938.13,3938.266,3936.418,3937.403
1673450460000,3937.653,3938.716,3936.672,3937.435
1673450520000,3937.188,3941.901,3937.176,3941.901
1673450580000,3941.649,3941.781,3940.422,3941.216
1673450640000,3941.466,3941.716,3939.673,3940.176
1673450700000,3940.486,3940.692,3939.179,3940.692
1673450760000,3940.439,3941.685,3940.439,3941.44
1673450820000,3941.576,3943.432,3941.443,3942.936
1673450880000,3943.496,3944.41,3942.451,3944.181
1673450940000,3943.919,3944.415,3943.226,3944.216
1673451000000,3944.403,3944.403,3940.95,3941.206
1673451060000,3940.956,3940.971,3939.706,3940.209
1673451120000,3940.462,3940.965,3939.709,3939.959
1673451180000,3939.975,3940.709,3937.556,3939.241
1673451240000,3939.036,3939.491,3935.506,3936.98
1673451300000,3937.248,3937.985,3934.516,3936.22
1673451360000,3935.988,3935.988,3931.661,3933.283
1673451420000,3933.529,3935.546,3933.036,3934.756
1673451480000,3934.755,3935.733,3933.273,3934.032
1673451540000,3934.279,3936.025,3933.783,3935.042
1673451600000,3935.298,3936.826,3934.681,3936.273
1673451660000,3936.029,3937.281,3935.776,3936.785
1673451720000,3937.035,3937.288,3936.346,3936.529
1673451780000,3936.596,3936.773,3934.8,3936.106
1673451840000,3935.805,3936.776,3934.082,3936.52
1673451900000,3936.966,3938.518,3936.77,3937.759
1673451960000,3938.015,3938.265,3937.016,3937.753
1673452020000,3937.512,3938.25,3936.902,3938.25
1673452080000,3938.076,3939.505,3937.763,3939.021
1673452140000,3938.771,3939.012,3937.039,3938.032
1673452200000,3938.096,3938.285,3935.813,3936.06
1673452260000,3935.816,3936.598,3934.59,3936.592
1673452320000,3936.343,3937.335,3935.596,3936.099
1673452380000,3936.355,3936.358,3930.409,3931.39
1673452440000,3931.392,3932.875,3931.142,3932.868
1673452500000,3932.849,3933.156,3930.866,3931.631
1673452560000,3931.85,3931.85,3927.966,3930.11
1673452620000,3929.879,3930.676,3928.62,3929.123
1673452680000,3929.125,3930.358,3928.623,3930.111
1673452740000,3929.843,3930.156,3928.85,3929.6
1673452800000,3929.353,3930.595,3928.843,3929.855
1673452860000,3930.108,3930.813,3928.966,3930.335
1673452920000,3930.073,3932.056,3929.57,3931.543
1673452980000,3931.808,3932.346,3930.562,3931.811
1673453040000,3932.052,3933.03,3931.053,3932.053
1673453100000,3932.308,3932.311,3930.813,3931.563
1673453160000,3931.828,3933.311,3931.319,3932.565
1673453220000,3932.936,3933.866,3932.8,3933.802
1673453280000,3933.543,3933.682,3932.086,3932.583
1673453340000,3932.829,3933.345,3932.352,3932.83
1673453400000,3933.089,3935.575,3931.858,3933.851
1673453460000,3934.089,3935.116,3933.592,3934.866
1673453520000,3934.569,3935.606,3934.126,3934.572
1673453580000,3934.8,3936.033,3934.8,3935.291
1673453640000,3935.532,3938.066,3935.529,3937.753
1673453700000,3938.009,3939.296,3938.006,3939.001
1673453760000,3939.236,3941.098,3939.226,3939.239
1673453820000,3939.48,3939.526,3938.416,3938.972
1673453880000,3939.156,3940.2,3939.156,3939.465
1673453940000,3939.712,3939.712,3938.238,3938.976
1673454000000,3939.286,3939.286,3937.71,3938.212
1673454060000,3937.965,3938.721,3937.481,3938.721
1673454120000,3938.453,3938.962,3937.969,3938.706
1673454180000,3938.95,3940.688,3938.706,3939.451
1673454240000,3939.322,3939.43,3938.266,3938.936
1673454300000,3939.236,3939.726,3938.92,3939.431
1673454360000,3939.421,3939.909,3938.912,3939.15
1673454420000,3938.928,3939.956,3938.425,3939.706
1673454480000,3939.785,3940.152,3939.143,3939.373
1673454540000,3939.253,3940.141,3938.895,3939.881
1673454600000,3939.631,3940.843,3939.36,3940.666
1673454660000,3940.599,3941.636,3940.093,3941.101
1673454720000,3940.845,3941.601,3940.576,3941.069
1673454780000,3940.831,3940.831,3939.326,3939.591
1673454840000,3939.823,3940.581,3939.575,3940.126
1673454900000,3939.81,3940.068,3939.069,3939.078
1673454960000,3938.876,3938.876,3937.573,3937.838
1673455020000,3937.579,3938.616,3936.833,3938.071
1673455080000,3938.3,3939.042,3938.068,3938.542
1673455140000,3938.283,3939.276,3938.283,3938.782
1673455200000,3938.781,3940.016,3938.526,3939.778
1673455260000,3940.025,3941.306,3939.5,3939.771
1673455320000,3939.5,3940.729,3939.316,3940.036
1673455380000,3939.751,3940.001,3939.056,3939.246
1673455440000,3939.489,3941.465,3939.258,3941.209
1673455500000,3941.459,3941.958,3940.7,3941.19
1673455560000,3940.959,3942.201,3940.462,3941.93
1673455620000,3941.702,3941.961,3940.71,3941.026
1673455680000,3941.276,3941.972,3940.972,3941.972
1673455740000,3942.146,3942.715,3941.526,3942.478
1673455800000,3942.213,3942.463,3940.49,3940.995
1673455860000,3941.242,3941.495,3940.243,3941.495
1673455920000,3941.738,3942.69,3941.47,3942.69
1673455980000,3942.471,3943.69,3942.459,3942.703
1673456040000,3942.585,3943.228,3942.463,3943.218
1673456100000,3943.225,3943.961,3942.962,3943.453
1673456160000,3943.711,3943.711,3942.463,3943.466
1673456220000,3943.276,3943.481,3942.475,3942.966
1673456280000,3943.225,3943.225,3940.759,3941.066
1673456340000,3941.056,3941.556,3940.756,3941.23
1673456400000,3941.492,3942.738,3941.238,3941.716
1673456460000,3941.729,3942.973,3941.48,3942.729
1673456520000,3942.988,3944.016,3942.786,3943.481
1673456580000,3943.71,3943.962,3942.47,3942.973
1673456640000,3942.741,3943.786,3942.741,3942.741
1673456700000,3942.501,3943.719,3942.489,3943.219
1673456760000,3942.973,3943.21,3942.476,3942.972
1673456820000,3942.735,3943.968,3942.729,3943.471
1673456880000,3943.721,3944.016,3943.46,3943.722
1673456940000,3943.963,3943.966,3942.983,3943.316
1673457000000,3943.512,3945.725,3943.008,3944.739
1673457060000,3944.501,3947.266,3944.501,3946.215
1673457120000,3946.456,3946.711,3945.706,3945.959
1673457180000,3945.709,3946.715,3945.706,3946.699
1673457240000,3946.943,3947.451,3946.69,3946.93
1673457300000,3946.699,3947.736,3946.19,3946.933
1673457360000,3946.68,3947.173,3945.693,3946.211
1673457420000,3946.461,3947.681,3946.183,3947.191
1673457480000,3947.41,3948.903,3947.17,3947.702
1673457540000,3947.44,3947.496,3946.453,3946.696
1673457600000,3946.465,3946.718,3945.463,3946.471
1673457660000,3946.712,3949.435,3946.463,3948.436
1673457720000,3948.201,3949.996,3948.186,3949.996
1673457780000,3949.616,3949.689,3948.93,3948.939
1673457840000,3948.69,3949.451,3947.702,3947.958
1673457900000,3947.965,3948.203,3946.45,3946.953
1673457960000,3947.193,3947.44,3946.702,3946.955
1673458020000,3946.913,3947.65,3946.663,3946.908
1673458080000,3947.143,3948.888,3947.143,3948.635
1673458140000,3948.876,3949.11,3948.119,3948.176
1673458200000,3948.495,3948.982,3947.398,3947.642
1673458260000,3947.401,3947.879,3946.651,3946.885
1673458320000,3946.62,3947.148,3945.412,3945.412
1673458380000,3945.655,3945.886,3944.403,3944.653
1673458440000,3944.9,3945.655,3944.39,3944.658
1673458500000,3944.791,3945.161,3943.899,3944.151
1673458560000,3944.206,3944.886,3943.639,3943.889
1673458620000,3943.658,3945.135,3943.152,3944.87
1673458680000,3944.641,3944.901,3943.905,3944.446
1673458740000,3944.686,3945.603,3944.38,3944.872
1673458800000,3944.916,3945.602,3944.609,3945.099
1673458860000,3944.865,3945.896,3944.865,3945.595
1673458920000,3945.576,3945.826,3944.833,3945.351
1673458980000,3945.328,3946.075,3944.088,3944.313
1673459040000,3944.326,3944.608,3944.082,3944.608
1673459100000,3944.343,3945.146,3944.34,3944.612
1673459160000,3944.859,3946.098,3944.089,3945.598
1673459220000,3945.845,3946.136,3945.146,3946.136
1673459280000,3946.323,3946.376,3945.066,3945.57
1673459340000,3945.329,3946.386,3945.136,3946.07
1673459400000,3946.323,3947.312,3945.553,3945.825
1673459460000,3945.581,3947.066,3945.581,3947.063
1673459520000,3947.31,3947.322,3946.803,3947.066
1673459580000,3947.312,3947.821,3946.319,3946.575
1673459640000,3946.8,3946.8,3945.835,3946.091
1673459700000,3945.82,3946.322,3945.083,3946.31
1673459760000,3946.581,3946.626,3945.079,3945.338
1673459820000,3945.345,3945.351,3944.396,3944.646
1673459880000,3944.342,3945.606,3944.073,3945.561
1673459940000,3945.302,3946.292,3945.04,3945.545
1673460000000,3945.293,3946.356,3945.049,3946.052
1673460060000,3946.178,3946.77,3945.786,3946.77
1673460120000,3946.541,3948.749,3946.538,3948.076
1673460180000,3948.086,3950.005,3947.782,3949.502
1673460240000,3949.752,3950.621,3949.496,3949.983
1673460300000,3950.248,3950.482,3947.996,3948.74
1673460360000,3948.998,3949.953,3948.998,3949.708
1673460420000,3949.946,3949.946,3949.218,3949.476
1673460480000,3949.726,3950.601,3949.296,3949.546
1673460540000,3949.366,3950.751,3949.24,3950.748
1673460600000,3950.498,3952.481,3950.498,3951.975
1673460660000,3952.2,3952.2,3950.98,3951.255
1673460720000,3950.993,3951.541,3950.75,3951.526
1673460780000,3951.566,3951.806,3951.26,3951.752
1673460840000,3951.493,3955.959,3950.983,3953.722
1673460900000,3953.901,3954.262,3949.782,3950.522
1673460960000,3950.778,3950.778,3943.093,3946.315
1673461020000,3946.616,3949.291,3946.303,3947.789
1673461080000,3947.802,3949.311,3946.803,3947.571
1673461140000,3947.806,3948.811,3946.825,3947.126
1673461200000,3947.306,3947.558,3946.08,3946.335
1673461260000,3946.333,3946.949,3945.351,3946.386
1673461320000,3946.579,3946.842,3945.583,3946.842
1673461380000,3946.766,3947.101,3946.358,3946.842
1673461440000,3947.092,3949.29,3947.092,3948.809
1673461500000,3948.626,3949.568,3948.55,3948.82
1673461560000,3949.136,3949.136,3947.833,3948.839
1673461620000,3948.886,3949.886,3948.462,3949.819
1673461680000,3949.56,3952.769,3949.56,3951.795
1673461740000,3952.045,3952.586,3951.53,3952.048
1673461800000,3952.273,3953.031,3951.295,3952.899
1673461860000,3952.836,3953.281,3952.522,3952.768
1673461920000,3953.018,3953.266,3952.5,3952.576
1673461980000,3952.326,3953.265,3951.908,3953.253
1673462040000,3953.509,3953.806,3952.281,3952.516
1673462100000,3952.395,3952.791,3951.536,3952.77
1673462160000,3952.529,3953.272,3952.282,3952.76
1673462220000,3952.516,3953.031,3951.042,3951.785
1673462280000,3952.029,3952.586,3951.529,3952.035
1673462340000,3952.27,3952.778,3951.536,3952.27
1673462400000,3952.529,3953.762,3952.276,3953.753
1673462460000,3953.566,3954.796,3953.25,3953.51
1673462520000,3953.26,3953.586,3952.763,3953.025
1673462580000,3953.326,3954.238,3953.01,3954.235
1673462640000,3953.979,3953.991,3952.973,3953.229
1673462700000,3952.973,3953.472,3951.546,3951.739
1673462760000,3951.992,3952.983,3951.748,3952.546
1673462820000,3952.738,3953.241,3952.223,3952.235
1673462880000,3952.482,3953.228,3952.466,3952.466
1673462940000,3952.225,3952.536,3951.796,3951.991
1673463000000,3952.241,3952.241,3950.74,3951.251
1673463060000,3950.98,3951.056,3948.269,3949.518
1673463120000,3949.753,3949.816,3948.76,3948.76
1673463180000,3949.028,3949.028,3947.555,3948.052
1673463240000,3948.311,3948.311,3947.568,3947.578
1673463300000,3947.831,3950.336,3947.809,3949.558
1673463360000,3949.302,3949.54,3948.555,3948.856
1673463420000,3948.561,3949.545,3948.54,3948.793
1673463480000,3948.552,3949.283,3948.54,3948.543
1673463540000,3948.799,3950.045,3948.561,3950.045
1673463600000,3950.292,3950.792,3949.299,3950.548
1673463660000,3950.788,3951.158,3949.548,3950.051
1673463720000,3950.346,3950.376,3948.82,3948.82
1673463780000,3949.073,3949.636,3948.573,3949.626
1673463840000,3949.876,3949.876,3948.333,3948.58
1673463900000,3948.396,3948.975,3946.862,3947.362
1673463960000,3947.666,3947.666,3945.63,3945.639
1673464020000,3945.395,3946.646,3945.383,3946.401
1673464080000,3946.648,3948.621,3946.648,3947.436
1673464140000,3947.623,3948.615,3947.623,3948.615
1673464200000,3948.605,3949.586,3948.605,3949.09
1673464260000,3948.858,3949.886,3948.84,3949.57
1673464320000,3949.332,3949.636,3948.601,3949.332
1673464380000,3949.573,3950.091,3949.189,3949.803
1673464440000,3949.796,3949.821,3948.063,3948.323
1673464500000,3948.575,3948.819,3947.806,3948.561
1673464560000,3948.308,3950.045,3948.308,3949.789
1673464620000,3950.033,3950.535,3949.773,3950.029
1673464680000,3950.276,3951.281,3949.776,3951.281
1673464740000,3951.398,3952.056,3951.263,3951.263
1673464800000,3951.513,3952.26,3950.542,3950.542
1673464860000,3950.846,3951.836,3950.53,3951.769
1673464920000,3952.031,3952.512,3951.756,3951.778
1673464980000,3952.009,3952.518,3952,3952.261
1673465040000,3952.012,3952.492,3951.531,3951.986
1673465100000,3951.733,3952.485,3951.249,3952.235
1673465160000,3952.536,3953.216,3951.98,3952.223
1673465220000,3952.473,3952.728,3951.972,3952.459
1673465280000,3952.721,3952.94,3952.453,3952.711
1673465340000,3952.683,3952.696,3951.206,3951.709
1673465400000,3951.946,3952.746,3951.2,3952.448
1673465460000,3952.816,3954.678,3952.816,3953.429
1673465520000,3953.676,3953.986,3952.945,3953.926
1673465580000,3953.676,3954.681,3953.673,3954.413
1673465640000,3954.666,3955.226,3954.043,3954.431
1673465700000,3954.669,3954.669,3953.673,3953.92
1673465760000,3953.688,3954.921,3953.201,3954.716
1673465820000,3954.9,3956.645,3954.9,3955.89
1673465880000,3955.706,3956.398,3955.39,3956.123
1673465940000,3955.901,3955.936,3955.62,3955.876
1673466000000,3955.686,3955.686,3954.408,3955.145
1673466060000,3955.446,3955.446,3954.886,3955.415
1673466120000,3955.529,3956.411,3955.529,3955.922
1673466180000,3955.935,3957.696,3955.935,3957.696
1673466240000,3957.778,3958.946,3957.778,3958.389
1673466300000,3958.623,3958.946,3957.175,3957.413
1673466360000,3957.678,3958.466,3957.428,3958.165
1673466420000,3957.9,3958.216,3956.91,3958.216
1673466480000,3957.918,3958.165,3956.709,3956.952
1673466540000,3957.186,3957.496,3956.221,3956.712
1673466600000,3956.453,3956.766,3955.463,3955.716
1673466660000,3955.472,3956.475,3955.216,3955.796
1673466720000,3955.489,3956.232,3955.251,3955.546
1673466780000,3955.239,3955.988,3955.239,3955.751
1673466840000,3955.502,3956.241,3955.243,3955.742
1673466900000,3955.483,3955.995,3955.002,3955.262
1673466960000,3955.5,3955.503,3954.263,3955.028
1673467020000,3955.326,3956.066,3955.01,3955.522
1673467080000,3955.763,3956.022,3955.263,3955.576
1673467140000,3955.586,3956.759,3955.26,3956.5
1673467200000,3956.636,3957.495,3956,3956.983
1673467260000,3957.23,3957.725,3956.008,3957.476
1673467320000,3957.481,3958.276,3957.2,3957.2
1673467380000,3957.219,3957.516,3956.472,3956.946
1673467440000,3957.211,3958.92,3956.946,3958.186
1673467500000,3958.451,3958.67,3956.703,3957.211
1673467560000,3956.94,3957.202,3956.453,3956.706
1673467620000,3956.459,3958.066,3956.453,3957.936
1673467680000,3957.692,3958.486,3957.449,3957.948
1673467740000,3958.195,3958.195,3956.696,3957.246
1673467800000,3956.958,3958.496,3956.958,3957.689
1673467860000,3957.942,3959.91,3957.683,3959.675
1673467920000,3959.91,3961.395,3957.92,3957.92
1673467980000,3957.951,3959.716,3957.935,3959.662
1673468040000,3959.921,3960.158,3959.163,3959.659
1673468100000,3959.659,3960.398,3959.63,3959.946
1673468160000,3959.636,3960.876,3959.392,3960.392
1673468220000,3960.388,3961.121,3959.623,3960.142
1673468280000,3960.391,3961.875,3960.379,3961.186
1673468340000,3961.385,3962.621,3961.11,3961.863
1673468400000,3962.131,3962.381,3961.63,3961.921
1673468460000,3962.15,3962.15,3960.929,3961.186
1673468520000,3961.193,3961.686,3960.945,3961.683
1673468580000,3961.439,3961.7,3960.96,3960.96
1673468640000,3961.203,3961.481,3959.993,3960.986
1673468700000,3961.248,3962.526,3960.723,3960.723
1673468760000,3960.488,3961.036,3959.493,3959.769
1673468820000,3959.75,3960.021,3959.031,3959.032
1673468880000,3959.275,3959.836,3959.032,3959.51
1673468940000,3959.278,3959.763,3958.795,3959.533
1673469000000,3959.311,3959.311,3957.546,3957.793
1673469060000,3958.046,3958.306,3957.065,3958.065
1673469120000,3958.306,3958.309,3957.549,3957.549
1673469180000,3957.799,3958.046,3956.811,3957.052
1673469240000,3957.062,3957.356,3956.805,3956.808
1673469300000,3956.555,3958.042,3956.555,3956.811
1673469360000,3956.606,3957.033,3956.03,3957.033
1673469420000,3956.792,3957.282,3956.52,3956.836
1673469480000,3956.526,3956.548,3955.302,3955.542
1673469540000,3955.535,3956.076,3955.526,3955.826
1673469600000,3955.538,3955.778,3955.27,3955.291
1673469660000,3955.531,3956.281,3954.05,3956.281
1673469720000,3956.031,3956.756,3955.516,3956.756
1673469780000,3957.246,3958.046,3956.503,3957.752
1673469840000,3957.499,3959.242,3957.246,3958.736
1673469900000,3958.498,3958.751,3957.503,3958.261
1673469960000,3958.012,3958.326,3957.75,3958.269
1673470020000,3958.022,3959.999,3958.022,3959.031
1673470080000,3958.77,3959.076,3958.763,3959.038
1673470140000,3959.393,3961.623,3959.336,3961.018
1673470200000,3961.253,3961.253,3959.53,3960.836
1673470260000,3961.032,3962.03,3960.318,3961.79
1673470320000,3961.552,3963.172,3961.296,3962.616
1673470380000,3962.802,3963.79,3962.066,3962.57
1673470440000,3962.968,3964.339,3962.592,3964.086
1673470500000,3964.276,3966.819,3964.276,3966.576
1673470560000,3966.829,3967.331,3965.59,3966.103
1673470620000,3966.365,3966.861,3965.623,3965.87
1673470680000,3966.011,3966.896,3966.011,3966.653
1673470740000,3966.921,3969.181,3966.656,3968.432
1673470800000,3968.306,3968.306,3967.146,3967.146
1673470860000,3967.456,3967.642,3967.142,3967.411
1673470920000,3967.383,3967.696,3967.155,3967.155
1673470980000,3967.411,3967.936,3967.145,3967.936
1673471040000,3968.11,3968.686,3968.11,3968.135
1673471100000,3968.005,3968.176,3967.61,3967.891
1673471160000,3967.626,3967.891,3967.626,3967.891
1673471220000,3967.626,3968.132,3967.391,3967.626
1673471280000,3967.373,3967.391,3967.132,3967.14
1673471340000,3967.456,3967.946,3967.158,3967.946
1673471400000,3967.891,3969.186,3967.891,3968.632
1673471460000,3968.376,3968.879,3968.37,3968.651
1673471520000,3968.641,3968.641,3968.112,3968.116
1673471580000,3968.371,3968.373,3967.62,3967.882
1673471640000,3967.806,3968.369,3967.606,3968.106
1673471700000,3968.106,3968.106,3968.106,3968.106
1673471760000,3968.106,3968.106,3968.106,3968.106
1673471820000,3968.106,3968.106,3968.106,3968.106
1673471880000,3968.106,3968.106,3968.106,3968.106
1673471940000,3968.106,3968.106,3968.106,3968.106
1673472000000,3968.106,3968.106,3968.106,3968.106
1673472060000,3968.106,3968.106,3968.106,3968.106
1673472120000,3968.106,3968.106,3968.106,3968.106
1673472180000,3968.106,3968.106,3968.106,3968.106
1673472240000,3968.106,3968.106,3968.106,3968.106
1673472300000,3968.106,3968.106,3968.106,3968.106
1673472360000,3968.106,3968.106,3968.106,3968.106
1673472420000,3968.106,3968.106,3968.106,3968.106
1673472480000,3968.106,3968.106,3968.106,3968.106
1673472540000,3968.106,3968.106,3968.106,3968.106
1673472600000,3968.106,3968.106,3968.106,3968.106
1673472660000,3968.106,3968.106,3968.106,3968.106
1673472720000,3968.106,3968.106,3968.106,3968.106
1673472780000,3968.106,3968.106,3968.106,3968.106
1673472840000,3968.106,3968.106,3968.106,3968.106
1673472900000,3968.106,3968.106,3968.106,3968.106
1673472960000,3968.106,3968.106,3968.106,3968.106
1673473020000,3968.106,3968.106,3968.106,3968.106
1673473080000,3968.106,3968.106,3968.106,3968.106
1673473140000,3968.106,3968.106,3968.106,3968.106
1673473200000,3968.106,3968.106,3968.106,3968.106
1673473260000,3968.106,3968.106,3968.106,3968.106
1673473320000,3968.106,3968.106,3968.106,3968.106
1673473380000,3968.106,3968.106,3968.106,3968.106
1673473440000,3968.106,3968.106,3968.106,3968.106
1673473500000,3968.106,3968.106,3968.106,3968.106
1673473560000,3968.106,3968.106,3968.106,3968.106
1673473620000,3968.106,3968.106,3968.106,3968.106
1673473680000,3968.106,3968.106,3968.106,3968.106
1673473740000,3968.106,3968.106,3968.106,3968.106
1673473800000,3968.106,3968.106,3968.106,3968.106
1673473860000,3968.106,3968.106,3968.106,3968.106
1673473920000,3968.106,3968.106,3968.106,3968.106
1673473980000,3968.106,3968.106,3968.106,3968.106
1673474040000,3968.106,3968.106,3968.106,3968.106
1673474100000,3968.106,3968.106,3968.106,3968.106
1673474160000,3968.106,3968.106,3968.106,3968.106
1673474220000,3968.106,3968.106,3968.106,3968.106
1673474280000,3968.106,3968.106,3968.106,3968.106
1673474340000,3968.106,3968.106,3968.106,3968.106
1673474400000,3968.106,3968.106,3968.106,3968.106
1673474460000,3968.106,3968.106,3968.106,3968.106
1673474520000,3968.106,3968.106,3968.106,3968.106
1673474580000,3968.106,3968.106,3968.106,3968.106
1673474640000,3968.106,3968.106,3968.106,3968.106
1673474700000,3968.106,3968.106,3968.106,3968.106
1673474760000,3968.106,3968.106,3968.106,3968.106
1673474820000,3968.106,3968.106,3968.106,3968.106
1673474880000,3968.106,3968.106,3968.106,3968.106
1673474940000,3968.106,3968.106,3968.106,3968.106
1673475000000,3968.106,3968.106,3968.106,3968.106
1673475060000,3968.106,3968.106,3968.106,3968.106
1673475120000,3968.106,3968.106,3968.106,3968.106
1673475180000,3968.106,3968.106,3968.106,3968.106
1673475240000,3968.106,3968.106,3968.106,3968.106
1673475300000,3968.106,3968.106,3968.106,3968.106
1673475360000,3968.106,3968.106,3968.106,3968.106
1673475420000,3968.106,3968.106,3968.106,3968.106
1673475480000,3968.106,3968.106,3968.106,3968.106
1673475540000,3968.106,3968.106,3968.106,3968.106
1673475600000,3968.106,3968.106,3968.106,3968.106
1673475660000,3968.106,3968.106,3968.106,3968.106
1673475720000,3968.106,3968.106,3968.106,3968.106
1673475780000,3968.106,3968.106,3968.106,3968.106
1673475840000,3968.106,3968.106,3968.106,3968.106
1673475900000,3968.106,3968.106,3968.106,3968.106
1673475960000,3968.106,3968.106,3968.106,3968.106
1673476020000,3968.106,3968.106,3968.106,3968.106
1673476080000,3968.106,3968.106,3968.106,3968.106
1673476140000,3968.106,3968.106,3968.106,3968.106
1673476200000,3968.106,3968.106,3968.106,3968.106
1673476260000,3968.106,3968.106,3968.106,3968.106
1673476320000,3968.106,3968.106,3968.106,3968.106
1673476380000,3968.106,3968.106,3968.106,3968.106
1673476440000,3968.106,3968.106,3968.106,3968.106
1673476500000,3968.106,3968.106,3968.106,3968.106
1673476560000,3968.106,3968.106,3968.106,3968.106
1673476620000,3968.106,3968.106,3968.106,3968.106
1673476680000,3968.106,3968.106,3968.106,3968.106
1673476740000,3968.106,3968.106,3968.106,3968.106
1673476800000,3968.106,3968.106,3968.106,3968.106
1673476860000,3968.106,3968.106,3968.106,3968.106
1673476920000,3968.106,3968.106,3968.106,3968.106
1673476980000,3968.106,3968.106,3968.106,3968.106
1673477040000,3968.106,3968.106,3968.106,3968.106
1673477100000,3968.106,3968.106,3968.106,3968.106
1673477160000,3968.106,3968.106,3968.106,3968.106
1673477220000,3968.106,3968.106,3968.106,3968.106
1673477280000,3968.106,3968.106,3968.106,3968.106
1673477340000,3968.106,3968.106,3968.106,3968.106
1673477400000,3968.106,3968.106,3968.106,3968.106
1673477460000,3968.106,3968.106,3968.106,3968.106
1673477520000,3968.106,3968.106,3968.106,3968.106
1673477580000,3968.106,3968.106,3968.106,3968.106
1673477640000,3968.106,3968.106,3968.106,3968.106
1673477700000,3968.106,3968.106,3968.106,3968.106
1673477760000,3968.106,3968.106,3968.106,3968.106
1673477820000,3968.106,3968.106,3968.106,3968.106
1673477880000,3968.106,3968.106,3968.106,3968.106
1673477940000,3968.106,3968.106,3968.106,3968.106
1673478000000,3969.478,3970.203,3968.963,3968.981
1673478060000,3968.776,3969.222,3968.473,3968.966
1673478120000,3968.855,3968.978,3968.406,3968.406
1673478180000,3968.479,3968.536,3967.991,3967.991
1673478240000,3967.871,3968.476,3967.729,3967.976
1673478300000,3968.241,3968.241,3967.492,3967.492
1673478360000,3967.979,3967.979,3967.609,3967.786
1673478420000,3967.991,3968.485,3967.979,3968.22
1673478480000,3968.491,3968.491,3968.491,3968.491
1673478540000,3968.223,3968.491,3968.22,3968.47
1673478600000,3968.241,3968.536,3968.226,3968.229
1673478660000,3968.491,3968.491,3967.739,3967.739
1673478720000,3967.48,3967.985,3967.48,3967.985
1673478780000,3968.226,3968.729,3967.976,3968.729
1673478840000,3968.605,3968.605,3967.97,3967.97
1673478900000,3967.742,3967.998,3966.986,3967.001
1673478960000,3966.758,3967.546,3966.758,3967.546
1673479020000,3967.73,3968.001,3967.483,3967.736
1673479080000,3967.489,3967.489,3967.489,3967.489
1673479140000,3967.606,3967.745,3967.495,3967.745
1673479200000,3967.483,3967.498,3967.251,3967.375
1673479260000,3967.245,3967.742,3967.245,3967.492
1673479320000,3967.248,3967.248,3967.248,3967.248
1673479380000,3967.363,3967.363,3967.005,3967.23
1673479440000,3967.243,3967.306,3966.993,3967.113
1673479500000,3967.258,3967.258,3966.99,3967.246
1673479560000,3967.501,3967.501,3967.24,3967.48
1673479620000,3967.252,3967.739,3967.246,3967.498
1673479680000,3967.73,3967.751,3967.48,3967.483
1673479740000,3967.619,3967.992,3967.619,3967.992
1673479800000,3967.796,3967.796,3966.752,3966.752
1673479860000,3966.996,3967.011,3966.743,3966.743
1673479920000,3966.999,3967.252,3966.999,3967.252
1673479980000,3966.999,3967.258,3966.743,3967.258
1673480040000,3966.993,3966.993,3966.259,3966.373
1673480100000,3966.509,3967.261,3966.509,3967.261
1673480160000,3967.505,3967.508,3967.005,3967.508
1673480220000,3967.755,3967.755,3967.369,3967.505
1673480280000,3967.378,3967.511,3967.249,3967.258
1673480340000,3967.49,3967.49,3967.246,3967.246
1673480400000,3967.123,3967.556,3967.123,3967.306
1673480460000,3967.391,3968.001,3967.252,3967.749
1673480520000,3967.866,3967.99,3967.743,3967.806
1673480580000,3967.625,3967.749,3967.24,3967.49
1673480640000,3967.252,3967.502,3966.771,3967.129
1673480700000,3967.258,3967.499,3966.512,3966.626
1673480760000,3966.506,3966.771,3966.256,3966.771
1673480820000,3966.686,3967.003,3966.5,3966.5
1673480880000,3966.816,3967.021,3966.265,3966.265
1673480940000,3966.509,3966.512,3966.256,3966.256
1673481000000,3966.01,3966.265,3966.01,3966.019
1673481060000,3966.271,3966.506,3965.772,3966.506
1673481120000,3966.768,3966.768,3966.256,3966.256
1673481180000,3966.016,3966.028,3965.76,3965.826
1673481240000,3966.013,3966.019,3965.769,3965.826
1673481300000,3966.013,3966.013,3966.013,3966.013
1673481360000,3965.76,3966.263,3965.76,3966.263
1673481420000,3966.196,3966.275,3965.826,3966.022
1673481480000,3966.326,3966.506,3966.028,3966.275
1673481540000,3966.446,3966.521,3966.013,3966.263
